Temps___(ms):,	Pos.cal.(um):,	Tension_(mV):	
 7.2365284E+7,	-5.1026786E+0,	 4.5100635E+2	
 7.2365424E+7,	-5.0925542E+0,	 4.3555936E+2	
 7.2365564E+7,	-5.0824298E+0,	 4.1023448E+2	
 7.2365704E+7,	-5.0723055E+0,	 3.8872740E+2	
 7.2365849E+7,	-5.0621811E+0,	 3.7866390E+2	
 7.2365989E+7,	-5.0520568E+0,	 3.7208599E+2	
 7.2366129E+7,	-5.0419324E+0,	 3.7256962E+2	
 7.2366269E+7,	-5.0318080E+0,	 3.8585734E+2	
 7.2366409E+7,	-5.0216837E+0,	 4.0716168E+2	
 7.2366549E+7,	-5.0115593E+0,	 4.3792868E+2	
 7.2366689E+7,	-5.0014349E+0,	 4.7574988E+2	
 7.2366829E+7,	-4.9913106E+0,	 5.1707619E+2	
 7.2366969E+7,	-4.9811862E+0,	 5.6085247E+2	
 7.2367109E+7,	-4.9710619E+0,	 6.0432094E+2	
 7.2367249E+7,	-4.9609375E+0,	 6.5157306E+2	
 7.2367394E+7,	-4.9508131E+0,	 6.9259650E+2	
 7.2367537E+7,	-4.9406888E+0,	 7.2457254E+2	
 7.2367677E+7,	-4.9305644E+0,	 7.4592328E+2	
 7.2367817E+7,	-4.9204401E+0,	 7.6049340E+2	
 7.2367957E+7,	-4.9103157E+0,	 7.6584023E+2	
 7.2368097E+7,	-4.9001913E+0,	 7.6352710E+2	
 7.2368237E+7,	-4.8900670E+0,	 7.5586957E+2	
 7.2368378E+7,	-4.8799426E+0,	 7.4317783E+2	
 7.2368518E+7,	-4.8698182E+0,	 7.2362483E+2	
 7.2368658E+7,	-4.8596939E+0,	 6.9999754E+2	
 7.2368798E+7,	-4.8495695E+0,	 6.7621154E+2	
 7.2368938E+7,	-4.8394452E+0,	 6.4917684E+2	
 7.2369078E+7,	-4.8293208E+0,	 6.1901563E+2	
 7.2369218E+7,	-4.8191964E+0,	 5.8916950E+2	
 7.2369358E+7,	-4.8090721E+0,	 5.4462874E+2	
 7.2369498E+7,	-4.7989477E+0,	 4.9715194E+2	
 7.2369643E+7,	-4.7888233E+0,	 4.5712751E+2	
 7.2369783E+7,	-4.7786990E+0,	 4.2557889E+2	
 7.2369923E+7,	-4.7685746E+0,	 3.8666829E+2	
 7.2370063E+7,	-4.7584503E+0,	 3.5974354E+2	
 7.2370203E+7,	-4.7483259E+0,	 3.3799708E+2	
 7.2370343E+7,	-4.7382015E+0,	 3.2646313E+2	
 7.2370483E+7,	-4.7280772E+0,	 3.3244994E+2	
 7.2370623E+7,	-4.7179528E+0,	 3.5194433E+2	
 7.2370763E+7,	-4.7078284E+0,	 3.8104299E+2	
 7.2370903E+7,	-4.6977041E+0,	 4.1507328E+2	
 7.2371043E+7,	-4.6875797E+0,	 4.8059112E+2	
 7.2371183E+7,	-4.6774554E+0,	 5.4806787E+2	
 7.2371323E+7,	-4.6673310E+0,	 6.0067660E+2	
 7.2371465E+7,	-4.6572066E+0,	 6.5418416E+2	
 7.2371607E+7,	-4.6470823E+0,	 6.9037372E+2	
 7.2371747E+7,	-4.6369579E+0,	 7.2027600E+2	
 7.2371887E+7,	-4.6268335E+0,	 7.4842209E+2	
 7.2372027E+7,	-4.6167092E+0,	 7.7289450E+2	
 7.2372170E+7,	-4.6065848E+0,	 7.9080606E+2	
 7.2372310E+7,	-4.5964605E+0,	 8.0191010E+2	
 7.2372450E+7,	-4.5863361E+0,	 8.0272835E+2	
 7.2372590E+7,	-4.5762117E+0,	 7.9175133E+2	
 7.2372730E+7,	-4.5660874E+0,	 7.7628481E+2	
 7.2372870E+7,	-4.5559630E+0,	 7.5863212E+2	
 7.2373010E+7,	-4.5458386E+0,	 7.3581827E+2	
 7.2373150E+7,	-4.5357143E+0,	 7.0119202E+2	
 7.2373290E+7,	-4.5255899E+0,	 6.6357601E+2	
 7.2373430E+7,	-4.5154656E+0,	 6.3188571E+2	
 7.2373570E+7,	-4.5053412E+0,	 5.9991449E+2	
 7.2373710E+7,	-4.4952168E+0,	 5.6562531E+2	
 7.2373850E+7,	-4.4850925E+0,	 5.2132142E+2	
 7.2373993E+7,	-4.4749681E+0,	 4.7689790E+2	
 7.2374137E+7,	-4.4648437E+0,	 4.3772104E+2	
 7.2374277E+7,	-4.4547194E+0,	 4.0430874E+2	
 7.2374417E+7,	-4.4445950E+0,	 3.7197363E+2	
 7.2374557E+7,	-4.4344707E+0,	 3.4767222E+2	
 7.2374697E+7,	-4.4243463E+0,	 3.3386421E+2	
 7.2374837E+7,	-4.4142219E+0,	 3.2815096E+2	
 7.2374977E+7,	-4.4040976E+0,	 3.2416707E+2	
 7.2375117E+7,	-4.3939732E+0,	 3.2783097E+2	
 7.2375257E+7,	-4.3838489E+0,	 3.4239620E+2	
 7.2375397E+7,	-4.3737245E+0,	 3.6708844E+2	
 7.2375537E+7,	-4.3636001E+0,	 3.9576942E+2	
 7.2375681E+7,	-4.3534758E+0,	 4.3202493E+2	
 7.2375826E+7,	-4.3433514E+0,	 4.6815583E+2	
 7.2375966E+7,	-4.3332270E+0,	 4.9912554E+2	
 7.2376106E+7,	-4.3231027E+0,	 5.3535903E+2	
 7.2376246E+7,	-4.3129783E+0,	 5.7493401E+2	
 7.2376386E+7,	-4.3028540E+0,	 6.1690277E+2	
 7.2376526E+7,	-4.2927296E+0,	 6.5048367E+2	
 7.2376666E+7,	-4.2826052E+0,	 6.7210066E+2	
 7.2376806E+7,	-4.2724809E+0,	 6.9247925E+2	
 7.2376948E+7,	-4.2623565E+0,	 7.1628970E+2	
 7.2377088E+7,	-4.2522321E+0,	 7.3294580E+2	
 7.2377228E+7,	-4.2421078E+0,	 7.4656326E+2	
 7.2377368E+7,	-4.2319834E+0,	 7.5535417E+2	
 7.2377508E+7,	-4.2218591E+0,	 7.5980705E+2	
 7.2377648E+7,	-4.2117347E+0,	 7.6097214E+2	
 7.2377788E+7,	-4.2016103E+0,	 7.5866389E+2	
 7.2377928E+7,	-4.1914860E+0,	 7.5108939E+2	
 7.2378068E+7,	-4.1813616E+0,	 7.3841965E+2	
 7.2378208E+7,	-4.1712372E+0,	 7.1994382E+2	
 7.2378348E+7,	-4.1611129E+0,	 6.8002445E+2	
 7.2378490E+7,	-4.1509885E+0,	 6.3803369E+2	
 7.2378634E+7,	-4.1408642E+0,	 6.0517830E+2	
 7.2378774E+7,	-4.1307398E+0,	 5.7176596E+2	
 7.2378914E+7,	-4.1206154E+0,	 5.4244500E+2	
 7.2379054E+7,	-4.1104911E+0,	 5.1493895E+2	
 7.2379194E+7,	-4.1003667E+0,	 4.8135319E+2	
 7.2379334E+7,	-4.0902423E+0,	 4.5085248E+2	
 7.2379474E+7,	-4.0801180E+0,	 4.1814607E+2	
 7.2379616E+7,	-4.0699936E+0,	 3.9371276E+2	
 7.2379756E+7,	-4.0598693E+0,	 3.8033465E+2	
 7.2379896E+7,	-4.0497449E+0,	 3.8527846E+2	
 7.2380036E+7,	-4.0396205E+0,	 4.0955544E+2	
 7.2380176E+7,	-4.0294962E+0,	 4.4328773E+2	
 7.2380316E+7,	-4.0193718E+0,	 4.8129213E+2	
 7.2380456E+7,	-4.0092474E+0,	 5.1959211E+2	
 7.2380596E+7,	-3.9991231E+0,	 5.4788715E+2	
 7.2380736E+7,	-3.9889987E+0,	 5.7966781E+2	
 7.2380876E+7,	-3.9788744E+0,	 6.2451148E+2	
 7.2381016E+7,	-3.9687500E+0,	 6.6157305E+2	
 7.2381156E+7,	-3.9586256E+0,	 6.9248414E+2	
 7.2381296E+7,	-3.9485013E+0,	 7.1814853E+2	
 7.2381436E+7,	-3.9383769E+0,	 7.3186374E+2	
 7.2381576E+7,	-3.9282526E+0,	 7.2834390E+2	
 7.2381716E+7,	-3.9181282E+0,	 7.1531266E+2	
 7.2381856E+7,	-3.9080038E+0,	 6.9057649E+2	
 7.2381996E+7,	-3.8978795E+0,	 6.6753542E+2	
 7.2382136E+7,	-3.8877551E+0,	 6.1731070E+2	
 7.2382276E+7,	-3.8776307E+0,	 5.6085491E+2	
 7.2382416E+7,	-3.8675064E+0,	 5.2670246E+2	
 7.2382556E+7,	-3.8573820E+0,	 4.8973376E+2	
 7.2382697E+7,	-3.8472577E+0,	 4.5558622E+2	
 7.2382837E+7,	-3.8371333E+0,	 4.1774547E+2	
 7.2382977E+7,	-3.8270089E+0,	 3.8531753E+2	
 7.2383117E+7,	-3.8168846E+0,	 3.6763802E+2	
 7.2383257E+7,	-3.8067602E+0,	 3.6436248E+2	
 7.2383397E+7,	-3.7966358E+0,	 3.6933807E+2	
 7.2383537E+7,	-3.7865115E+0,	 3.8446507E+2	
 7.2383677E+7,	-3.7763871E+0,	 4.0113091E+2	
 7.2383817E+7,	-3.7662628E+0,	 4.2466047E+2	
 7.2383962E+7,	-3.7561384E+0,	 4.5800683E+2	
 7.2384102E+7,	-3.7460140E+0,	 4.9907181E+2	
 7.2384243E+7,	-3.7358897E+0,	 5.5385929E+2	
 7.2384384E+7,	-3.7257653E+0,	 6.1965317E+2	
 7.2384524E+7,	-3.7156409E+0,	 6.7877871E+2	
 7.2384664E+7,	-3.7055166E+0,	 7.2175378E+2	
 7.2384804E+7,	-3.6953922E+0,	 7.5925499E+2	
 7.2384944E+7,	-3.6852679E+0,	 7.7753055E+2	
 7.2385084E+7,	-3.6751435E+0,	 7.8022957E+2	
 7.2385224E+7,	-3.6650191E+0,	 7.6823401E+2	
 7.2385364E+7,	-3.6548948E+0,	 7.4806303E+2	
 7.2385504E+7,	-3.6447704E+0,	 7.2452861E+2	
 7.2385649E+7,	-3.6346460E+0,	 7.0101613E+2	
 7.2385789E+7,	-3.6245217E+0,	 6.7448461E+2	
 7.2385929E+7,	-3.6143973E+0,	 6.3276017E+2	
 7.2386069E+7,	-3.6042730E+0,	 5.9119928E+2	
 7.2386209E+7,	-3.5941486E+0,	 5.6303370E+2	
 7.2386349E+7,	-3.5840242E+0,	 5.3265512E+2	
 7.2386489E+7,	-3.5738999E+0,	 5.0385928E+2	
 7.2386629E+7,	-3.5637755E+0,	 4.7447729E+2	
 7.2386769E+7,	-3.5536511E+0,	 4.4600391E+2	
 7.2386909E+7,	-3.5435268E+0,	 4.1948462E+2	
 7.2387049E+7,	-3.5334024E+0,	 3.9258915E+2	
 7.2387189E+7,	-3.5232781E+0,	 3.6899120E+2	
 7.2387329E+7,	-3.5131537E+0,	 3.4449926E+2	
 7.2387469E+7,	-3.5030293E+0,	 3.2687104E+2	
 7.2387609E+7,	-3.4929050E+0,	 3.2029802E+2	
 7.2387749E+7,	-3.4827806E+0,	 3.2523695E+2	
 7.2387894E+7,	-3.4726562E+0,	 3.4073034E+2	
 7.2388034E+7,	-3.4625319E+0,	 3.6547142E+2	
 7.2388174E+7,	-3.4524075E+0,	 4.0175867E+2	
 7.2388314E+7,	-3.4422832E+0,	 4.4682217E+2	
 7.2388454E+7,	-3.4321588E+0,	 4.9257207E+2	
 7.2388594E+7,	-3.4220344E+0,	 5.4534197E+2	
 7.2388734E+7,	-3.4119101E+0,	 5.9429651E+2	
 7.2388874E+7,	-3.4017857E+0,	 6.4601612E+2	
 7.2389016E+7,	-3.3916614E+0,	 7.0202005E+2	
 7.2389156E+7,	-3.3815370E+0,	 7.5139230E+2	
 7.2389296E+7,	-3.3714126E+0,	 7.7664876E+2	
 7.2389436E+7,	-3.3612883E+0,	 7.8877383E+2	
 7.2389576E+7,	-3.3511639E+0,	 7.9186124E+2	
 7.2389716E+7,	-3.3410395E+0,	 7.8740841E+2	
 7.2389856E+7,	-3.3309152E+0,	 7.7798730E+2	
 7.2389996E+7,	-3.3207908E+0,	 7.6216656E+2	
 7.2390136E+7,	-3.3106665E+0,	 7.4020272E+2	
 7.2390280E+7,	-3.3005421E+0,	 7.1283829E+2	
 7.2390420E+7,	-3.2904177E+0,	 6.8158036E+2	
 7.2390560E+7,	-3.2802934E+0,	 6.4367855E+2	
 7.2390703E+7,	-3.2701690E+0,	 6.0748899E+2	
 7.2390846E+7,	-3.2600446E+0,	 5.6850266E+2	
 7.2390989E+7,	-3.2499203E+0,	 5.3608942E+2	
 7.2391129E+7,	-3.2397959E+0,	 5.0400096E+2	
 7.2391269E+7,	-3.2296716E+0,	 4.7136787E+2	
 7.2391409E+7,	-3.2195472E+0,	 4.3988764E+2	
 7.2391549E+7,	-3.2094228E+0,	 4.1280654E+2	
 7.2391689E+7,	-3.1992985E+0,	 3.8985100E+2	
 7.2391829E+7,	-3.1891741E+0,	 3.6846605E+2	
 7.2391969E+7,	-3.1790497E+0,	 3.5369810E+2	
 7.2392113E+7,	-3.1689254E+0,	 3.4787738E+2	
 7.2392253E+7,	-3.1588010E+0,	 3.5145581E+2	
 7.2392393E+7,	-3.1486767E+0,	 3.5964826E+2	
 7.2392533E+7,	-3.1385523E+0,	 3.7220323E+2	
 7.2392673E+7,	-3.1284279E+0,	 3.8829261E+2	
 7.2392813E+7,	-3.1183036E+0,	 4.0053493E+2	
 7.2392953E+7,	-3.1081792E+0,	 4.2263556E+2	
 7.2393093E+7,	-3.0980548E+0,	 4.4928432E+2	
 7.2393238E+7,	-3.0879305E+0,	 4.8706889E+2	
 7.2393379E+7,	-3.0778061E+0,	 5.3116268E+2	
 7.2393523E+7,	-3.0676818E+0,	 5.6926721E+2	
 7.2393663E+7,	-3.0575574E+0,	 6.0645336E+2	
 7.2393808E+7,	-3.0474330E+0,	 6.4419883E+2	
 7.2393950E+7,	-3.0373087E+0,	 6.7064488E+2	
 7.2394090E+7,	-3.0271843E+0,	 6.9671959E+2	
 7.2394230E+7,	-3.0170599E+0,	 7.1861994E+2	
 7.2394370E+7,	-3.0069356E+0,	 7.3115045E+2	
 7.2394510E+7,	-2.9968112E+0,	 7.3987299E+2	
 7.2394650E+7,	-2.9866869E+0,	 7.4666828E+2	
 7.2394790E+7,	-2.9765625E+0,	 7.4725449E+2	
 7.2394930E+7,	-2.9664381E+0,	 7.4059600E+2	
 7.2395070E+7,	-2.9563138E+0,	 7.3508304E+2	
 7.2395210E+7,	-2.9461894E+0,	 7.2525895E+2	
 7.2395350E+7,	-2.9360651E+0,	 7.1222520E+2	
 7.2395490E+7,	-2.9259407E+0,	 6.9620907E+2	
 7.2395630E+7,	-2.9158163E+0,	 6.7947483E+2	
 7.2395770E+7,	-2.9056920E+0,	 6.5982902E+2	
 7.2395910E+7,	-2.8955676E+0,	 6.4229363E+2	
 7.2396050E+7,	-2.8854432E+0,	 6.2105274E+2	
 7.2396190E+7,	-2.8753189E+0,	 5.9722030E+2	
 7.2396330E+7,	-2.8651945E+0,	 5.6444794E+2	
 7.2396470E+7,	-2.8550702E+0,	 5.3033465E+2	
 7.2396610E+7,	-2.8449458E+0,	 5.0335616E+2	
 7.2396750E+7,	-2.8348214E+0,	 4.7563264E+2	
 7.2396890E+7,	-2.8246971E+0,	 4.4318759E+2	
 7.2397030E+7,	-2.8145727E+0,	 4.1435272E+2	
 7.2397170E+7,	-2.8044483E+0,	 3.9178064E+2	
 7.2397310E+7,	-2.7943240E+0,	 3.7452614E+2	
 7.2397450E+7,	-2.7841996E+0,	 3.6890084E+2	
 7.2397590E+7,	-2.7740753E+0,	 3.7399852E+2	
 7.2397730E+7,	-2.7639509E+0,	 3.8803858E+2	
 7.2397875E+7,	-2.7538265E+0,	 4.1414019E+2	
 7.2398020E+7,	-2.7437022E+0,	 4.6795553E+2	
 7.2398160E+7,	-2.7335778E+0,	 5.2088910E+2	
 7.2398303E+7,	-2.7234534E+0,	 5.7105762E+2	
 7.2398443E+7,	-2.7133291E+0,	 6.1322421E+2	
 7.2398587E+7,	-2.7032047E+0,	 6.4082563E+2	
 7.2398727E+7,	-2.6930804E+0,	 6.7134345E+2	
 7.2398869E+7,	-2.6829560E+0,	 7.0474356E+2	
 7.2399009E+7,	-2.6728316E+0,	 7.3400587E+2	
 7.2399149E+7,	-2.6627073E+0,	 7.5617486E+2	
 7.2399289E+7,	-2.6525829E+0,	 7.6393747E+2	
 7.2399429E+7,	-2.6424585E+0,	 7.6215923E+2	
 7.2399569E+7,	-2.6323342E+0,	 7.4562287E+2	
 7.2399709E+7,	-2.6222098E+0,	 7.2345626E+2	
 7.2399849E+7,	-2.6120855E+0,	 6.8838787E+2	
 7.2399989E+7,	-2.6019611E+0,	 6.5837568E+2	
 7.2400133E+7,	-2.5918367E+0,	 5.8907181E+2	
 7.2400273E+7,	-2.5817124E+0,	 5.2313876E+2	
 7.2400413E+7,	-2.5715880E+0,	 4.8419884E+2	
 7.2400553E+7,	-2.5614636E+0,	 4.6346116E+2	
 7.2400693E+7,	-2.5513393E+0,	 4.2955056E+2	
 7.2400833E+7,	-2.5412149E+0,	 3.9159745E+2	
 7.2400977E+7,	-2.5310906E+0,	 3.6158037E+2	
 7.2401117E+7,	-2.5209662E+0,	 3.4456521E+2	
 7.2401257E+7,	-2.5108418E+0,	 3.3637032E+2	
 7.2401397E+7,	-2.5007175E+0,	 3.3561555E+2	
 7.2401537E+7,	-2.4905931E+0,	 3.4412557E+2	
 7.2401677E+7,	-2.4804687E+0,	 3.5709575E+2	
 7.2401817E+7,	-2.4703444E+0,	 3.7195653E+2	
 7.2401957E+7,	-2.4602200E+0,	 3.9743528E+2	
 7.2402098E+7,	-2.4500957E+0,	 4.3379825E+2	
 7.2402238E+7,	-2.4399713E+0,	 4.8496580E+2	
 7.2402378E+7,	-2.4298469E+0,	 5.4278213E+2	
 7.2402518E+7,	-2.4197226E+0,	 6.0099167E+2	
 7.2402661E+7,	-2.4095982E+0,	 6.5263313E+2	
 7.2402801E+7,	-2.3994739E+0,	 6.9655842E+2	
 7.2402946E+7,	-2.3893495E+0,	 7.3270154E+2	
 7.2403086E+7,	-2.3792251E+0,	 7.6148266E+2	
 7.2403226E+7,	-2.3691008E+0,	 7.8079629E+2	
 7.2403366E+7,	-2.3589764E+0,	 7.8728139E+2	
 7.2403506E+7,	-2.3488520E+0,	 7.8461653E+2	
 7.2403646E+7,	-2.3387277E+0,	 7.7807277E+2	
 7.2403786E+7,	-2.3286033E+0,	 7.6681238E+2	
 7.2403926E+7,	-2.3184790E+0,	 7.4075234E+2	
 7.2404066E+7,	-2.3083546E+0,	 7.0861751E+2	
 7.2404211E+7,	-2.2982302E+0,	 6.8345141E+2	
 7.2404351E+7,	-2.2881059E+0,	 6.5649736E+2	
 7.2404491E+7,	-2.2779815E+0,	 6.2669516E+2	
 7.2404631E+7,	-2.2678571E+0,	 5.9482169E+2	
 7.2404771E+7,	-2.2577328E+0,	 5.6438935E+2	
 7.2404911E+7,	-2.2476084E+0,	 5.3117245E+2	
 7.2405056E+7,	-2.2374841E+0,	 4.9759647E+2	
 7.2405196E+7,	-2.2273597E+0,	 4.6510747E+2	
 7.2405337E+7,	-2.2172353E+0,	 4.2776012E+2	
 7.2405477E+7,	-2.2071110E+0,	 3.8976061E+2	
 7.2405617E+7,	-2.1969866E+0,	 3.6627993E+2	
 7.2405757E+7,	-2.1868622E+0,	 3.5199806E+2	
 7.2405897E+7,	-2.1767379E+0,	 3.4608209E+2	
 7.2406037E+7,	-2.1666135E+0,	 3.5498047E+2	
 7.2406177E+7,	-2.1564892E+0,	 3.6783829E+2	
 7.2406317E+7,	-2.1463648E+0,	 3.9030042E+2	
 7.2406459E+7,	-2.1362404E+0,	 4.2747679E+2	
 7.2406603E+7,	-2.1261161E+0,	 4.6928188E+2	
 7.2406743E+7,	-2.1159917E+0,	 5.0687349E+2	
 7.2406883E+7,	-2.1058673E+0,	 5.5077428E+2	
 7.2407023E+7,	-2.0957430E+0,	 6.1356378E+2	
 7.2407163E+7,	-2.0856186E+0,	 6.7038107E+2	
 7.2407305E+7,	-2.0754943E+0,	 7.1550071E+2	
 7.2407445E+7,	-2.0653699E+0,	 7.4072057E+2	
 7.2407585E+7,	-2.0552455E+0,	 7.4751830E+2	
 7.2407725E+7,	-2.0451212E+0,	 7.4881047E+2	
 7.2407865E+7,	-2.0349968E+0,	 7.5064242E+2	
 7.2408005E+7,	-2.0248724E+0,	 7.4054712E+2	
 7.2408145E+7,	-2.0147481E+0,	 7.2565216E+2	
 7.2408285E+7,	-2.0046237E+0,	 7.0745724E+2	
 7.2408425E+7,	-1.9944994E+0,	 6.8284565E+2	
 7.2408565E+7,	-1.9843750E+0,	 6.5147537E+2	
 7.2408705E+7,	-1.9742506E+0,	 6.1718124E+2	
 7.2408845E+7,	-1.9641263E+0,	 5.8457983E+2	
 7.2408985E+7,	-1.9540019E+0,	 5.5997556E+2	
 7.2409129E+7,	-1.9438776E+0,	 5.2309477E+2	
 7.2409269E+7,	-1.9337532E+0,	 4.8353690E+2	
 7.2409409E+7,	-1.9236288E+0,	 4.5946997E+2	
 7.2409549E+7,	-1.9135045E+0,	 4.3757939E+2	
 7.2409689E+7,	-1.9033801E+0,	 4.1902295E+2	
 7.2409829E+7,	-1.8932557E+0,	 3.9863214E+2	
 7.2409969E+7,	-1.8831314E+0,	 3.8408890E+2	
 7.2410109E+7,	-1.8730070E+0,	 3.7378114E+2	
 7.2410249E+7,	-1.8628827E+0,	 3.7129214E+2	
 7.2410389E+7,	-1.8527583E+0,	 3.7342453E+2	
 7.2410529E+7,	-1.8426339E+0,	 3.8193941E+2	
 7.2410669E+7,	-1.8325096E+0,	 3.9383000E+2	
 7.2410809E+7,	-1.8223852E+0,	 4.0725452E+2	
 7.2410949E+7,	-1.8122608E+0,	 4.2606497E+2	
 7.2411089E+7,	-1.8021365E+0,	 4.4535664E+2	
 7.2411229E+7,	-1.7920121E+0,	 4.7655839E+2	
 7.2411369E+7,	-1.7818878E+0,	 5.2038836E+2	
 7.2411509E+7,	-1.7717634E+0,	 5.5343187E+2	
 7.2411649E+7,	-1.7616390E+0,	 5.8950901E+2	
 7.2411789E+7,	-1.7515147E+0,	 6.2850267E+2	
 7.2411930E+7,	-1.7413903E+0,	 6.5709090E+2	
 7.2412074E+7,	-1.7312659E+0,	 6.9158280E+2	
 7.2412214E+7,	-1.7211416E+0,	 7.2303861E+2	
 7.2412357E+7,	-1.7110172E+0,	 7.4175620E+2	
 7.2412497E+7,	-1.7008929E+0,	 7.5158769E+2	
 7.2412637E+7,	-1.6907685E+0,	 7.5649732E+2	
 7.2412777E+7,	-1.6806441E+0,	 7.5667804E+2	
 7.2412917E+7,	-1.6705198E+0,	 7.4984610E+2	
 7.2413057E+7,	-1.6603954E+0,	 7.3937470E+2	
 7.2413197E+7,	-1.6502710E+0,	 7.2916466E+2	
 7.2413337E+7,	-1.6401467E+0,	 7.1709818E+2	
 7.2413477E+7,	-1.6300223E+0,	 7.0159012E+2	
 7.2413617E+7,	-1.6198980E+0,	 6.8468004E+2	
 7.2413757E+7,	-1.6097736E+0,	 6.6511238E+2	
 7.2413897E+7,	-1.5996492E+0,	 6.4617246E+2	
 7.2414042E+7,	-1.5895249E+0,	 6.2355399E+2	
 7.2414182E+7,	-1.5794005E+0,	 6.0012943E+2	
 7.2414322E+7,	-1.5692761E+0,	 5.6936002E+2	
 7.2414462E+7,	-1.5591518E+0,	 5.3485835E+2	
 7.2414602E+7,	-1.5490274E+0,	 5.0178063E+2	
 7.2414742E+7,	-1.5389031E+0,	 4.7074988E+2	
 7.2414882E+7,	-1.5287787E+0,	 4.3642890E+2	
 7.2415022E+7,	-1.5186543E+0,	 4.0474108E+2	
 7.2415162E+7,	-1.5085300E+0,	 3.7612605E+2	
 7.2415302E+7,	-1.4984056E+0,	 3.5237664E+2	
 7.2415442E+7,	-1.4882812E+0,	 3.4272352E+2	
 7.2415582E+7,	-1.4781569E+0,	 3.4541768E+2	
 7.2415722E+7,	-1.4680325E+0,	 3.6089888E+2	
 7.2415867E+7,	-1.4579082E+0,	 3.8769662E+2	
 7.2416007E+7,	-1.4477838E+0,	 4.4785294E+2	
 7.2416147E+7,	-1.4376594E+0,	 5.0731069E+2	
 7.2416288E+7,	-1.4275351E+0,	 5.6477529E+2	
 7.2416428E+7,	-1.4174107E+0,	 6.2457740E+2	
 7.2416568E+7,	-1.4072864E+0,	 6.6665119E+2	
 7.2416708E+7,	-1.3971620E+0,	 6.9440889E+2	
 7.2416849E+7,	-1.3870376E+0,	 7.2723740E+2	
 7.2416989E+7,	-1.3769133E+0,	 7.6032728E+2	
 7.2417129E+7,	-1.3667889E+0,	 7.8214705E+2	
 7.2417269E+7,	-1.3566645E+0,	 7.9043478E+2	
 7.2417409E+7,	-1.3465402E+0,	 7.8915238E+2	
 7.2417549E+7,	-1.3364158E+0,	 7.6995850E+2	
 7.2417689E+7,	-1.3262915E+0,	 7.4660724E+2	
 7.2417829E+7,	-1.3161671E+0,	 7.1664876E+2	
 7.2417969E+7,	-1.3060427E+0,	 6.8230581E+2	
 7.2418113E+7,	-1.2959184E+0,	 5.9223008E+2	
 7.2418256E+7,	-1.2857940E+0,	 5.0402296E+2	
 7.2418396E+7,	-1.2756696E+0,	 4.6024916E+2	
 7.2418536E+7,	-1.2655453E+0,	 4.4178554E+2	
 7.2418676E+7,	-1.2554209E+0,	 4.1134098E+2	
 7.2418816E+7,	-1.2452966E+0,	 3.7617245E+2	
 7.2418956E+7,	-1.2351722E+0,	 3.4355888E+2	
 7.2419096E+7,	-1.2250478E+0,	 3.2786030E+2	
 7.2419236E+7,	-1.2149235E+0,	 3.2391304E+2	
 7.2419376E+7,	-1.2047991E+0,	 3.2886177E+2	
 7.2419516E+7,	-1.1946747E+0,	 3.4343430E+2	
 7.2419656E+7,	-1.1845504E+0,	 3.6322424E+2	
 7.2419796E+7,	-1.1744260E+0,	 3.8273570E+2	
 7.2419936E+7,	-1.1643017E+0,	 4.1706154E+2	
 7.2420081E+7,	-1.1541773E+0,	 4.6133366E+2	
 7.2420221E+7,	-1.1440529E+0,	 5.1279187E+2	
 7.2420361E+7,	-1.1339286E+0,	 5.7260382E+2	
 7.2420501E+7,	-1.1238042E+0,	 6.3062531E+2	
 7.2420641E+7,	-1.1136798E+0,	 6.8067420E+2	
 7.2420782E+7,	-1.1035555E+0,	 7.1715438E+2	
 7.2420924E+7,	-1.0934311E+0,	 7.4756962E+2	
 7.2421064E+7,	-1.0833068E+0,	 7.6985830E+2	
 7.2421204E+7,	-1.0731824E+0,	 7.8009772E+2	
 7.2421344E+7,	-1.0630580E+0,	 7.7758914E+2	
 7.2421489E+7,	-1.0529337E+0,	 7.6826817E+2	
 7.2421629E+7,	-1.0428093E+0,	 7.5553983E+2	
 7.2421769E+7,	-1.0326849E+0,	 7.3720324E+2	
 7.2421909E+7,	-1.0225606E+0,	 7.0834392E+2	
 7.2422049E+7,	-1.0124362E+0,	 6.7589647E+2	
 7.2422189E+7,	-1.0023119E+0,	 6.4534932E+2	
 7.2422329E+7,	-9.9218750E-1,	 6.1723006E+2	
 7.2422469E+7,	-9.8206314E-1,	 5.8864677E+2	
 7.2422612E+7,	-9.7193878E-1,	 5.6119931E+2	
 7.2422756E+7,	-9.6181441E-1,	 5.3181243E+2	
 7.2422896E+7,	-9.5169005E-1,	 5.0137031E+2	
 7.2423036E+7,	-9.4156569E-1,	 4.7078407E+2	
 7.2423176E+7,	-9.3144133E-1,	 4.4321692E+2	
 7.2423316E+7,	-9.2131696E-1,	 4.1282609E+2	
 7.2423456E+7,	-9.1119260E-1,	 3.8540548E+2	
 7.2423596E+7,	-9.0106824E-1,	 3.7174156E+2	
 7.2423736E+7,	-8.9094388E-1,	 3.6544454E+2	
 7.2423876E+7,	-8.8081952E-1,	 3.6761847E+2	
 7.2424016E+7,	-8.7069515E-1,	 3.8916218E+2	
 7.2424156E+7,	-8.6057079E-1,	 4.1636297E+2	
 7.2424296E+7,	-8.5044643E-1,	 4.4519785E+2	
 7.2424437E+7,	-8.4032207E-1,	 4.8656082E+2	
 7.2424580E+7,	-8.3019770E-1,	 5.3445774E+2	
 7.2424720E+7,	-8.2007334E-1,	 5.7969707E+2	
 7.2424860E+7,	-8.0994898E-1,	 6.2133610E+2	
 7.2425000E+7,	-7.9982462E-1,	 6.6790181E+2	
 7.2425140E+7,	-7.8970026E-1,	 7.0535177E+2	
 7.2425280E+7,	-7.7957589E-1,	 7.2748166E+2	
 7.2425420E+7,	-7.6945153E-1,	 7.3346603E+2	
 7.2425562E+7,	-7.5932717E-1,	 7.2912312E+2	
 7.2425702E+7,	-7.4920281E-1,	 7.2158039E+2	
 7.2425842E+7,	-7.3907844E-1,	 7.1041769E+2	
 7.2425983E+7,	-7.2895408E-1,	 6.9000489E+2	
 7.2426123E+7,	-7.1882972E-1,	 6.6610652E+2	
 7.2426263E+7,	-7.0870536E-1,	 6.3588423E+2	
 7.2426403E+7,	-6.9858099E-1,	 5.9852707E+2	
 7.2426543E+7,	-6.8845663E-1,	 5.6134343E+2	
 7.2426683E+7,	-6.7833227E-1,	 5.2429408E+2	
 7.2426823E+7,	-6.6820791E-1,	 4.8919639E+2	
 7.2426963E+7,	-6.5808355E-1,	 4.6892771E+2	
 7.2427103E+7,	-6.4795918E-1,	 4.4083536E+2	
 7.2427243E+7,	-6.3783482E-1,	 4.1701025E+2	
 7.2427383E+7,	-6.2771046E-1,	 4.0404004E+2	
 7.2427523E+7,	-6.1758610E-1,	 3.9350024E+2	
 7.2427663E+7,	-6.0746173E-1,	 3.8619933E+2	
 7.2427803E+7,	-5.9733737E-1,	 3.8232291E+2	
 7.2427943E+7,	-5.8721301E-1,	 3.8579628E+2	
 7.2428083E+7,	-5.7708865E-1,	 3.9172447E+2	
 7.2428223E+7,	-5.6696429E-1,	 4.0422323E+2	
 7.2428363E+7,	-5.5683992E-1,	 4.2032242E+2	
 7.2428503E+7,	-5.4671556E-1,	 4.4132388E+2	
 7.2428643E+7,	-5.3659120E-1,	 4.6384710E+2	
 7.2428786E+7,	-5.2646684E-1,	 4.8158526E+2	
 7.2428926E+7,	-5.1634247E-1,	 5.0831461E+2	
 7.2429066E+7,	-5.0621811E-1,	 5.3745478E+2	
 7.2429206E+7,	-4.9609375E-1,	 5.7174891E+2	
 7.2429346E+7,	-4.8596939E-1,	 6.1837566E+2	
 7.2429486E+7,	-4.7584503E-1,	 6.5732783E+2	
 7.2429629E+7,	-4.6572066E-1,	 6.8937469E+2	
 7.2429769E+7,	-4.5559630E-1,	 7.1830726E+2	
 7.2429909E+7,	-4.4547194E-1,	 7.3977286E+2	
 7.2430049E+7,	-4.3534758E-1,	 7.5461161E+2	
 7.2430189E+7,	-4.2522321E-1,	 7.6509523E+2	
 7.2430329E+7,	-4.1509885E-1,	 7.6899850E+2	
 7.2430469E+7,	-4.0497449E-1,	 7.6603568E+2	
 7.2430609E+7,	-3.9485013E-1,	 7.5846118E+2	
 7.2430749E+7,	-3.8472577E-1,	 7.4506104E+2	
 7.2430889E+7,	-3.7460140E-1,	 7.2322667E+2	
 7.2431029E+7,	-3.6447704E-1,	 6.9839036E+2	
 7.2431169E+7,	-3.5435268E-1,	 6.7520273E+2	
 7.2431309E+7,	-3.4422832E-1,	 6.5169519E+2	
 7.2431449E+7,	-3.3410395E-1,	 6.2810457E+2	
 7.2431589E+7,	-3.2397959E-1,	 6.0445040E+2	
 7.2431729E+7,	-3.1385523E-1,	 5.8006102E+2	
 7.2431874E+7,	-3.0373087E-1,	 5.5535662E+2	
 7.2432014E+7,	-2.9360651E-1,	 5.2821201E+2	
 7.2432155E+7,	-2.8348214E-1,	 5.0341719E+2	
 7.2432296E+7,	-2.7335778E-1,	 4.7231314E+2	
 7.2432436E+7,	-2.6323342E-1,	 4.3441620E+2	
 7.2432576E+7,	-2.5310906E-1,	 4.0774059E+2	
 7.2432716E+7,	-2.4298469E-1,	 3.8203469E+2	
 7.2432856E+7,	-2.3286033E-1,	 3.5543722E+2	
 7.2432996E+7,	-2.2273597E-1,	 3.3112359E+2	
 7.2433136E+7,	-2.1261161E-1,	 3.1525403E+2	
 7.2433276E+7,	-2.0248724E-1,	 3.1384221E+2	
 7.2433416E+7,	-1.9236288E-1,	 3.2608697E+2	
 7.2433557E+7,	-1.8223852E-1,	 3.5128480E+2	
 7.2433697E+7,	-1.7211416E-1,	 3.8908646E+2	
 7.2433837E+7,	-1.6198980E-1,	 4.3497068E+2	
 7.2433977E+7,	-1.5186543E-1,	 5.1427698E+2	
 7.2434118E+7,	-1.4174107E-1,	 5.9311187E+2	
 7.2434258E+7,	-1.3161671E-1,	 6.6154617E+2	
 7.2434399E+7,	-1.2149235E-1,	 7.1578896E+2	
 7.2434539E+7,	-1.1136798E-1,	 7.5522715E+2	
 7.2434679E+7,	-1.0124362E-1,	 7.8055936E+2	
 7.2434819E+7,	-9.1119260E-2,	 8.1047875E+2	
 7.2434962E+7,	-8.0994898E-2,	 8.2647043E+2	
 7.2435102E+7,	-7.0870536E-2,	 8.2941377E+2	
 7.2435242E+7,	-6.0746173E-2,	 8.1951147E+2	
 7.2435382E+7,	-5.0621811E-2,	 7.9495358E+2	
 7.2435527E+7,	-4.0497449E-2,	 7.5534439E+2	
 7.2435667E+7,	-3.0373087E-2,	 7.1478015E+2	
 7.2435812E+7,	-2.0248724E-2,	 6.6336346E+2	
 7.2435952E+7,	-1.0124362E-2,	 6.1276013E+2	
 7.2436092E+7,	 0.0000000E+0,	 5.0320226E+2	
 7.2436232E+7,	 1.0124362E-2,	 4.0324622E+2	
 7.2436372E+7,	 2.0248724E-2,	 3.6244017E+2	
 7.2436512E+7,	 3.0373087E-2,	 3.5687593E+2	
 7.2436652E+7,	 4.0497449E-2,	 3.4437472E+2	
 7.2436792E+7,	 5.0621811E-2,	 3.2453102E+2	
 7.2436932E+7,	 6.0746173E-2,	 3.0626526E+2	
 7.2437072E+7,	 7.0870536E-2,	 3.0258182E+2	
 7.2437212E+7,	 8.0994898E-2,	 3.1122375E+2	
 7.2437352E+7,	 9.1119260E-2,	 3.2547143E+2	
 7.2437492E+7,	 1.0124362E-1,	 3.4670249E+2	
 7.2437632E+7,	 1.1136798E-1,	 3.7346360E+2	
 7.2437777E+7,	 1.2149235E-1,	 3.9902052E+2	
 7.2437917E+7,	 1.3161671E-1,	 4.3805569E+2	
 7.2438062E+7,	 1.4174107E-1,	 4.8475820E+2	
 7.2438202E+7,	 1.5186543E-1,	 5.3856617E+2	
 7.2438342E+7,	 1.6198980E-1,	 5.9900099E+2	
 7.2438482E+7,	 1.7211416E-1,	 6.5544212E+2	
 7.2438622E+7,	 1.8223852E-1,	 7.0051295E+2	
 7.2438762E+7,	 1.9236288E-1,	 7.3764044E+2	
 7.2438905E+7,	 2.0248724E-1,	 7.6019055E+2	
 7.2439045E+7,	 2.1261161E-1,	 7.6538593E+2	
 7.2439185E+7,	 2.2273597E-1,	 7.6120907E+2	
 7.2439325E+7,	 2.3286033E-1,	 7.4974841E+2	
 7.2439465E+7,	 2.4298469E-1,	 7.3318028E+2	
 7.2439608E+7,	 2.5310906E-1,	 7.1366394E+2	
 7.2439748E+7,	 2.6323342E-1,	 6.9067907E+2	
 7.2439888E+7,	 2.7335778E-1,	 6.6283834E+2	
 7.2440029E+7,	 2.8348214E-1,	 6.3207620E+2	
 7.2440169E+7,	 2.9360651E-1,	 6.0060328E+2	
 7.2440311E+7,	 3.0373087E-1,	 5.7252562E+2	
 7.2440456E+7,	 3.1385523E-1,	 5.4445773E+2	
 7.2440598E+7,	 3.2397959E-1,	 5.1563263E+2	
 7.2440738E+7,	 3.3410395E-1,	 4.8841476E+2	
 7.2440878E+7,	 3.4422832E-1,	 4.6734247E+2	
 7.2441018E+7,	 3.5435268E-1,	 4.4698095E+2	
 7.2441163E+7,	 3.6447704E-1,	 4.3109673E+2	
 7.2441303E+7,	 3.7460140E-1,	 4.1485098E+2	
 7.2441443E+7,	 3.8472577E-1,	 4.0795797E+2	
 7.2441583E+7,	 3.9485013E-1,	 4.0873960E+2	
 7.2441723E+7,	 4.0497449E-1,	 4.1523203E+2	
 7.2441863E+7,	 4.1509885E-1,	 4.2984855E+2	
 7.2442003E+7,	 4.2522321E-1,	 4.5216414E+2	
 7.2442143E+7,	 4.3534758E-1,	 4.8462629E+2	
 7.2442283E+7,	 4.4547194E-1,	 5.2410847E+2	
 7.2442423E+7,	 4.5559630E-1,	 5.6367856E+2	
 7.2442563E+7,	 4.6572066E-1,	 6.0514897E+2	
 7.2442703E+7,	 4.7584503E-1,	 6.4297754E+2	
 7.2442843E+7,	 4.8596939E-1,	 6.7458719E+2	
 7.2442983E+7,	 4.9609375E-1,	 6.9141918E+2	
 7.2443123E+7,	 5.0621811E-1,	 6.9033223E+2	
 7.2443263E+7,	 5.1634247E-1,	 6.7689306E+2	
 7.2443403E+7,	 5.2646684E-1,	 6.5428680E+2	
 7.2443543E+7,	 5.3659120E-1,	 6.3582319E+2	
 7.2443687E+7,	 5.4671556E-1,	 6.1336589E+2	
 7.2443827E+7,	 5.5683992E-1,	 5.8165848E+2	
 7.2443967E+7,	 5.6696429E-1,	 5.4846603E+2	
 7.2444110E+7,	 5.7708865E-1,	 5.1472640E+2	
 7.2444254E+7,	 5.8721301E-1,	 4.7944066E+2	
 7.2444394E+7,	 5.9733737E-1,	 4.4599658E+2	
 7.2444534E+7,	 6.0746173E-1,	 4.1542011E+2	
 7.2444674E+7,	 6.1758610E-1,	 3.9342207E+2	
 7.2444814E+7,	 6.2771046E-1,	 3.7969223E+2	
 7.2444954E+7,	 6.3783482E-1,	 3.7479970E+2	
 7.2445094E+7,	 6.4795918E-1,	 3.8410357E+2	
 7.2445234E+7,	 6.5808355E-1,	 3.9466780E+2	
 7.2445374E+7,	 6.6820791E-1,	 4.0630433E+2	
 7.2445514E+7,	 6.7833227E-1,	 4.2177820E+2	
 7.2445654E+7,	 6.8845663E-1,	 4.4277236E+2	
 7.2445794E+7,	 6.9858099E-1,	 4.7779924E+2	
 7.2445934E+7,	 7.0870536E-1,	 5.2022469E+2	
 7.2446076E+7,	 7.1882972E-1,	 5.5389839E+2	
 7.2446216E+7,	 7.2895408E-1,	 5.8652908E+2	
 7.2446360E+7,	 7.3907844E-1,	 6.2568390E+2	
 7.2446504E+7,	 7.4920281E-1,	 6.6139716E+2	
 7.2446645E+7,	 7.5932717E-1,	 6.9398147E+2	
 7.2446785E+7,	 7.6945153E-1,	 7.1719348E+2	
 7.2446925E+7,	 7.7957589E-1,	 7.4247193E+2	
 7.2447068E+7,	 7.8970026E-1,	 7.6761603E+2	
 7.2447208E+7,	 7.9982462E-1,	 7.8863215E+2	
 7.2447348E+7,	 8.0994898E-1,	 8.0496824E+2	
 7.2447488E+7,	 8.2007334E-1,	 8.0902052E+2	
 7.2447628E+7,	 8.3019770E-1,	 8.0092084E+2	
 7.2447768E+7,	 8.4032207E-1,	 7.8641915E+2	
 7.2447913E+7,	 8.5044643E-1,	 7.6526868E+2	
 7.2448053E+7,	 8.6057079E-1,	 7.3391306E+2	
 7.2448193E+7,	 8.7069515E-1,	 6.9977772E+2	
 7.2448333E+7,	 8.8081952E-1,	 6.6445285E+2	
 7.2448473E+7,	 8.9094388E-1,	 6.2180507E+2	
 7.2448613E+7,	 9.0106824E-1,	 5.7680261E+2	
 7.2448754E+7,	 9.1119260E-1,	 5.3632635E+2	
 7.2448894E+7,	 9.2131696E-1,	 4.9156326E+2	
 7.2449034E+7,	 9.3144133E-1,	 4.5178553E+2	
 7.2449174E+7,	 9.4156569E-1,	 4.1567904E+2	
 7.2449314E+7,	 9.5169005E-1,	 3.8425013E+2	
 7.2449454E+7,	 9.6181441E-1,	 3.5830238E+2	
 7.2449594E+7,	 9.7193878E-1,	 3.3687836E+2	
 7.2449734E+7,	 9.8206314E-1,	 3.1843430E+2	
 7.2449874E+7,	 9.9218750E-1,	 3.0093551E+2	
 7.2450014E+7,	 1.0023119E+0,	 2.8872252E+2	
 7.2450154E+7,	 1.0124362E+0,	 2.7833903E+2	
 7.2450294E+7,	 1.0225606E+0,	 2.7418172E+2	
 7.2450434E+7,	 1.0326849E+0,	 2.7819002E+2	
 7.2450574E+7,	 1.0428093E+0,	 2.8807521E+2	
 7.2450714E+7,	 1.0529337E+0,	 3.0408159E+2	
 7.2450854E+7,	 1.0630580E+0,	 3.3313873E+2	
 7.2450994E+7,	 1.0731824E+0,	 3.7623596E+2	
 7.2451139E+7,	 1.0833068E+0,	 4.2994872E+2	
 7.2451279E+7,	 1.0934311E+0,	 4.8864681E+2	
 7.2451419E+7,	 1.1035555E+0,	 5.5380553E+2	
 7.2451559E+7,	 1.1136798E+0,	 6.2437224E+2	
 7.2451699E+7,	 1.1238042E+0,	 6.8750370E+2	
 7.2451839E+7,	 1.1339286E+0,	 7.4766731E+2	
 7.2451984E+7,	 1.1440529E+0,	 8.0424035E+2	
 7.2452124E+7,	 1.1541773E+0,	 8.3460915E+2	
 7.2452264E+7,	 1.1643017E+0,	 8.3197361E+2	
 7.2452404E+7,	 1.1744260E+0,	 8.1320953E+2	
 7.2452544E+7,	 1.1845504E+0,	 7.9379088E+2	
 7.2452684E+7,	 1.1946747E+0,	 7.6379824E+2	
 7.2452824E+7,	 1.2047991E+0,	 7.1812898E+2	
 7.2452965E+7,	 1.2149235E+0,	 6.6209090E+2	
 7.2453105E+7,	 1.2250478E+0,	 6.0167319E+2	
 7.2453245E+7,	 1.2351722E+0,	 5.4245234E+2	
 7.2453389E+7,	 1.2452966E+0,	 4.7093064E+2	
 7.2453529E+7,	 1.2554209E+0,	 4.1348803E+2	
 7.2453669E+7,	 1.2655453E+0,	 3.7372252E+2	
 7.2453812E+7,	 1.2756696E+0,	 3.4276015E+2	
 7.2453952E+7,	 1.2857940E+0,	 3.2825112E+2	
 7.2454092E+7,	 1.2959184E+0,	 3.5818514E+2	
 7.2454232E+7,	 1.3060427E+0,	 3.9540058E+2	
 7.2454372E+7,	 1.3161671E+0,	 4.0800682E+2	
 7.2454512E+7,	 1.3262915E+0,	 4.2074743E+2	
 7.2454652E+7,	 1.3364158E+0,	 4.5057890E+2	
 7.2454792E+7,	 1.3465402E+0,	 4.9953103E+2	
 7.2454933E+7,	 1.3566645E+0,	 5.5476797E+2	
 7.2455073E+7,	 1.3667889E+0,	 6.0038346E+2	
 7.2455217E+7,	 1.3769133E+0,	 6.4494872E+2	
 7.2455357E+7,	 1.3870376E+0,	 6.8364924E+2	
 7.2455497E+7,	 1.3971620E+0,	 7.1484858E+2	
 7.2455637E+7,	 1.4072864E+0,	 7.3133856E+2	
 7.2455777E+7,	 1.4174107E+0,	 7.3702490E+2	
 7.2455917E+7,	 1.4275351E+0,	 7.3905963E+2	
 7.2456057E+7,	 1.4376594E+0,	 7.3360282E+2	
 7.2456197E+7,	 1.4477838E+0,	 7.1256232E+2	
 7.2456337E+7,	 1.4579082E+0,	 6.7690283E+2	
 7.2456477E+7,	 1.4680325E+0,	 6.3709819E+2	
 7.2456617E+7,	 1.4781569E+0,	 5.9510016E+2	
 7.2456758E+7,	 1.4882812E+0,	 5.5391061E+2	
 7.2456898E+7,	 1.4984056E+0,	 5.0770396E+2	
 7.2457038E+7,	 1.5085300E+0,	 4.6878114E+2	
 7.2457178E+7,	 1.5186543E+0,	 4.3556425E+2	
 7.2457318E+7,	 1.5287787E+0,	 4.1626525E+2	
 7.2457458E+7,	 1.5389031E+0,	 4.0813872E+2	
 7.2457598E+7,	 1.5490274E+0,	 4.0688080E+2	
 7.2457738E+7,	 1.5591518E+0,	 4.1015142E+2	
 7.2457878E+7,	 1.5692761E+0,	 4.2184171E+2	
 7.2458018E+7,	 1.5794005E+0,	 4.3851733E+2	
 7.2458158E+7,	 1.5895249E+0,	 4.5831949E+2	
 7.2458298E+7,	 1.5996492E+0,	 4.7994137E+2	
 7.2458438E+7,	 1.6097736E+0,	 5.0207376E+2	
 7.2458578E+7,	 1.6198980E+0,	 5.2599168E+2	
 7.2458718E+7,	 1.6300223E+0,	 5.5382752E+2	
 7.2458863E+7,	 1.6401467E+0,	 5.8227891E+2	
 7.2459003E+7,	 1.6502710E+0,	 6.1062282E+2	
 7.2459143E+7,	 1.6603954E+0,	 6.3925016E+2	
 7.2459283E+7,	 1.6705198E+0,	 6.6955549E+2	
 7.2459423E+7,	 1.6806441E+0,	 6.9899857E+2	
 7.2459563E+7,	 1.6907685E+0,	 7.1811432E+2	
 7.2459706E+7,	 1.7008929E+0,	 7.3031753E+2	
 7.2459846E+7,	 1.7110172E+0,	 7.3036152E+2	
 7.2459986E+7,	 1.7211416E+0,	 7.1920127E+2	
 7.2460126E+7,	 1.7312659E+0,	 6.9220078E+2	
 7.2460266E+7,	 1.7413903E+0,	 6.5775526E+2	
 7.2460406E+7,	 1.7515147E+0,	 6.1888373E+2	
 7.2460546E+7,	 1.7616390E+0,	 5.6778944E+2	
 7.2460686E+7,	 1.7717634E+0,	 5.1411331E+2	
 7.2460826E+7,	 1.7818878E+0,	 4.6408647E+2	
 7.2460966E+7,	 1.7920121E+0,	 4.0296042E+2	
 7.2461111E+7,	 1.8021365E+0,	 3.6112848E+2	
 7.2461251E+7,	 1.8122608E+0,	 3.4780654E+2	
 7.2461391E+7,	 1.8223852E+0,	 3.5046899E+2	
 7.2461531E+7,	 1.8325096E+0,	 3.5706401E+2	
 7.2461671E+7,	 1.8426339E+0,	 3.7171715E+2	
 7.2461811E+7,	 1.8527583E+0,	 3.9505374E+2	
 7.2461956E+7,	 1.8628827E+0,	 4.2952612E+2	
 7.2462096E+7,	 1.8730070E+0,	 4.6575722E+2	
 7.2462236E+7,	 1.8831314E+0,	 5.0413775E+2	
 7.2462376E+7,	 1.8932557E+0,	 5.5220813E+2	
 7.2462517E+7,	 1.9033801E+0,	 6.0244989E+2	
 7.2462657E+7,	 1.9135045E+0,	 6.5147781E+2	
 7.2462797E+7,	 1.9236288E+0,	 6.9269907E+2	
 7.2462937E+7,	 1.9337532E+0,	 7.2611386E+2	
 7.2463077E+7,	 1.9438776E+0,	 7.5913775E+2	
 7.2463217E+7,	 1.9540019E+0,	 7.8650218E+2	
 7.2463357E+7,	 1.9641263E+0,	 7.9646313E+2	
 7.2463497E+7,	 1.9742506E+0,	 8.0374205E+2	
 7.2463637E+7,	 1.9843750E+0,	 8.0545431E+2	
 7.2463777E+7,	 1.9944994E+0,	 7.9904979E+2	
 7.2463917E+7,	 2.0046237E+0,	 7.8247923E+2	
 7.2464057E+7,	 2.0147481E+0,	 7.6283830E+2	
 7.2464197E+7,	 2.0248724E+0,	 7.3684663E+2	
 7.2464337E+7,	 2.0349968E+0,	 7.0500976E+2	
 7.2464477E+7,	 2.0451212E+0,	 6.7116266E+2	
 7.2464617E+7,	 2.0552455E+0,	 6.3809234E+2	
 7.2464757E+7,	 2.0653699E+0,	 6.0382754E+2	
 7.2464897E+7,	 2.0754943E+0,	 5.6401807E+2	
 7.2465037E+7,	 2.0856186E+0,	 5.2271616E+2	
 7.2465177E+7,	 2.0957430E+0,	 4.7053736E+2	
 7.2465317E+7,	 2.1058673E+0,	 4.1496825E+2	
 7.2465457E+7,	 2.1159917E+0,	 3.7448949E+2	
 7.2465598E+7,	 2.1261161E+0,	 3.4330240E+2	
 7.2465738E+7,	 2.1362404E+0,	 3.2157549E+2	
 7.2465878E+7,	 2.1463648E+0,	 3.1055203E+2	
 7.2466018E+7,	 2.1564892E+0,	 3.1008792E+2	
 7.2466158E+7,	 2.1666135E+0,	 3.1807768E+2	
 7.2466298E+7,	 2.1767379E+0,	 3.3555692E+2	
 7.2466438E+7,	 2.1868622E+0,	 3.5914266E+2	
 7.2466578E+7,	 2.1969866E+0,	 3.8426721E+2	
 7.2466723E+7,	 2.2071110E+0,	 4.1600636E+2	
 7.2466865E+7,	 2.2172353E+0,	 4.5884955E+2	
 7.2467005E+7,	 2.2273597E+0,	 5.0203711E+2	
 7.2467145E+7,	 2.2374841E+0,	 5.3592086E+2	
 7.2467285E+7,	 2.2476084E+0,	 5.6693697E+2	
 7.2467425E+7,	 2.2577328E+0,	 5.9706151E+2	
 7.2467565E+7,	 2.2678571E+0,	 6.2604058E+2	
 7.2467705E+7,	 2.2779815E+0,	 6.5391308E+2	
 7.2467848E+7,	 2.2881059E+0,	 6.8155837E+2	
 7.2467988E+7,	 2.2982302E+0,	 7.0457500E+2	
 7.2468128E+7,	 2.3083546E+0,	 7.2867858E+2	
 7.2468268E+7,	 2.3184790E+0,	 7.5643867E+2	
 7.2468408E+7,	 2.3286033E+0,	 7.7792865E+2	
 7.2468548E+7,	 2.3387277E+0,	 7.8881532E+2	
 7.2468688E+7,	 2.3488520E+0,	 7.9633611E+2	
 7.2468828E+7,	 2.3589764E+0,	 7.9546654E+2	
 7.2468968E+7,	 2.3691008E+0,	 7.7898145E+2	
 7.2469108E+7,	 2.3792251E+0,	 7.5332683E+2	
 7.2469248E+7,	 2.3893495E+0,	 7.1632147E+2	
 7.2469389E+7,	 2.3994739E+0,	 6.7202979E+2	
 7.2469529E+7,	 2.4095982E+0,	 6.1924523E+2	
 7.2469669E+7,	 2.4197226E+0,	 5.6028336E+2	
 7.2469809E+7,	 2.4298469E+0,	 4.9402052E+2	
 7.2469949E+7,	 2.4399713E+0,	 4.2534441E+2	
 7.2470089E+7,	 2.4500957E+0,	 3.7119687E+2	
 7.2470229E+7,	 2.4602200E+0,	 3.5310456E+2	
 7.2470369E+7,	 2.4703444E+0,	 3.5302150E+2	
 7.2470509E+7,	 2.4804687E+0,	 3.5817540E+2	
 7.2470649E+7,	 2.4905931E+0,	 3.6974353E+2	
 7.2470789E+7,	 2.5007175E+0,	 3.9518318E+2	
 7.2470929E+7,	 2.5108418E+0,	 4.3070835E+2	
 7.2471071E+7,	 2.5209662E+0,	 4.7056669E+2	
 7.2471211E+7,	 2.5310906E+0,	 5.1357597E+2	
 7.2471351E+7,	 2.5412149E+0,	 5.6228137E+2	
 7.2471494E+7,	 2.5513393E+0,	 6.1809963E+2	
 7.2471634E+7,	 2.5614636E+0,	 6.6383976E+2	
 7.2471779E+7,	 2.5715880E+0,	 7.0571816E+2	
 7.2471919E+7,	 2.5817124E+0,	 7.3260868E+2	
 7.2472059E+7,	 2.5918367E+0,	 7.2024673E+2	
 7.2472199E+7,	 2.6019611E+0,	 7.0027846E+2	
 7.2472339E+7,	 2.6120855E+0,	 6.9402051E+2	
 7.2472479E+7,	 2.6222098E+0,	 6.8790913E+2	
 7.2472619E+7,	 2.6323342E+0,	 6.6964585E+2	
 7.2472763E+7,	 2.6424585E+0,	 6.2753296E+2	
 7.2472903E+7,	 2.6525829E+0,	 5.8054960E+2	
 7.2473043E+7,	 2.6627073E+0,	 5.4223007E+2	
 7.2473183E+7,	 2.6728316E+0,	 4.9846116E+2	
 7.2473323E+7,	 2.6829560E+0,	 4.5845628E+2	
 7.2473463E+7,	 2.6930804E+0,	 4.2552516E+2	
 7.2473603E+7,	 2.7032047E+0,	 4.0070102E+2	
 7.2473745E+7,	 2.7133291E+0,	 3.8874939E+2	
 7.2473885E+7,	 2.7234534E+0,	 3.7917930E+2	
 7.2474025E+7,	 2.7335778E+0,	 3.7935761E+2	
 7.2474165E+7,	 2.7437022E+0,	 3.9269662E+2	
 7.2474305E+7,	 2.7538265E+0,	 4.2564240E+2	
 7.2474448E+7,	 2.7639509E+0,	 4.6287251E+2	
 7.2474591E+7,	 2.7740753E+0,	 5.0867856E+2	
 7.2474731E+7,	 2.7841996E+0,	 5.6030285E+2	
 7.2474876E+7,	 2.7943240E+0,	 6.0982656E+2	
 7.2475018E+7,	 2.8044483E+0,	 6.5485346E+2	
 7.2475158E+7,	 2.8145727E+0,	 6.9614315E+2	
 7.2475298E+7,	 2.8246971E+0,	 7.2616512E+2	
 7.2475438E+7,	 2.8348214E+0,	 7.4791402E+2	
 7.2475578E+7,	 2.8449458E+0,	 7.6015389E+2	
 7.2475718E+7,	 2.8550702E+0,	 7.6178312E+2	
 7.2475858E+7,	 2.8651945E+0,	 7.5493652E+2	
 7.2475998E+7,	 2.8753189E+0,	 7.3929167E+2	
 7.2476138E+7,	 2.8854432E+0,	 7.2290426E+2	
 7.2476278E+7,	 2.8955676E+0,	 7.0147043E+2	
 7.2476418E+7,	 2.9056920E+0,	 6.7788714E+2	
 7.2476558E+7,	 2.9158163E+0,	 6.4896190E+2	
 7.2476698E+7,	 2.9259407E+0,	 6.1531508E+2	
 7.2476838E+7,	 2.9360651E+0,	 5.8266973E+2	
 7.2476978E+7,	 2.9461894E+0,	 5.5187345E+2	
 7.2477118E+7,	 2.9563138E+0,	 5.1472151E+2	
 7.2477258E+7,	 2.9664381E+0,	 4.6358818E+2	
 7.2477403E+7,	 2.9765625E+0,	 4.1208598E+2	
 7.2477547E+7,	 2.9866869E+0,	 3.7728384E+2	
 7.2477687E+7,	 2.9968112E+0,	 3.5298973E+2	
 7.2477832E+7,	 3.0069356E+0,	 3.4020030E+2	
 7.2477972E+7,	 3.0170599E+0,	 3.4118712E+2	
 7.2478112E+7,	 3.0271843E+0,	 3.5787493E+2	
 7.2478254E+7,	 3.0373087E+0,	 3.8944551E+2	
 7.2478394E+7,	 3.0474330E+0,	 4.3271616E+2	
 7.2478535E+7,	 3.0575574E+0,	 4.8197117E+2	
 7.2478675E+7,	 3.0676818E+0,	 5.3992426E+2	
 7.2478815E+7,	 3.0778061E+0,	 6.0323888E+2	
 7.2478955E+7,	 3.0879305E+0,	 6.7666829E+2	
 7.2479095E+7,	 3.0980548E+0,	 7.4308258E+2	
 7.2479235E+7,	 3.1081792E+0,	 7.7673179E+2	
 7.2479375E+7,	 3.1183036E+0,	 7.9300684E+2	
 7.2479515E+7,	 3.1284279E+0,	 7.9585004E+2	
 7.2479655E+7,	 3.1385523E+0,	 7.9160720E+2	
 7.2479795E+7,	 3.1486767E+0,	 7.7841473E+2	
 7.2479936E+7,	 3.1588010E+0,	 7.5736690E+2	
 7.2480081E+7,	 3.1689254E+0,	 7.2295552E+2	
 7.2480221E+7,	 3.1790497E+0,	 6.8099171E+2	
 7.2480361E+7,	 3.1891741E+0,	 6.3341963E+2	
 7.2480501E+7,	 3.1992985E+0,	 5.8394969E+2	
 7.2480641E+7,	 3.2094228E+0,	 5.4124081E+2	
 7.2480781E+7,	 3.2195472E+0,	 4.9818516E+2	
 7.2480925E+7,	 3.2296716E+0,	 4.5812896E+2	
 7.2481065E+7,	 3.2397959E+0,	 4.1863459E+2	
 7.2481205E+7,	 3.2499203E+0,	 3.8373962E+2	
 7.2481348E+7,	 3.2600446E+0,	 3.6175379E+2	
 7.2481488E+7,	 3.2701690E+0,	 3.4689057E+2	
 7.2481628E+7,	 3.2802934E+0,	 3.3665854E+2	
 7.2481768E+7,	 3.2904177E+0,	 3.3204690E+2	
 7.2481908E+7,	 3.3005421E+0,	 3.3746460E+2	
 7.2482048E+7,	 3.3106665E+0,	 3.4811920E+2	
 7.2482190E+7,	 3.3207908E+0,	 3.6851490E+2	
 7.2482330E+7,	 3.3309152E+0,	 3.9489740E+2	
 7.2482470E+7,	 3.3410395E+0,	 4.2737421E+2	
 7.2482610E+7,	 3.3511639E+0,	 4.5445043E+2	
 7.2482750E+7,	 3.3612883E+0,	 4.7717881E+2	
 7.2482894E+7,	 3.3714126E+0,	 5.0950658E+2	
 7.2483034E+7,	 3.3815370E+0,	 5.4889351E+2	
 7.2483175E+7,	 3.3916614E+0,	 5.9248167E+2	
 7.2483315E+7,	 3.4017857E+0,	 6.4153641E+2	
 7.2483460E+7,	 3.4119101E+0,	 6.8652910E+2	
 7.2483600E+7,	 3.4220344E+0,	 7.1975088E+2	
 7.2483740E+7,	 3.4321588E+0,	 7.4589890E+2	
 7.2483880E+7,	 3.4422832E+0,	 7.6435512E+2	
 7.2484020E+7,	 3.4524075E+0,	 7.6945776E+2	
 7.2484160E+7,	 3.4625319E+0,	 7.6481438E+2	
 7.2484300E+7,	 3.4726562E+0,	 7.4711531E+2	
 7.2484441E+7,	 3.4827806E+0,	 7.2990477E+2	
 7.2484581E+7,	 3.4929050E+0,	 7.1196139E+2	
 7.2484723E+7,	 3.5030293E+0,	 6.8653399E+2	
 7.2484865E+7,	 3.5131537E+0,	 6.5440649E+2	
 7.2485005E+7,	 3.5232781E+0,	 6.1677819E+2	
 7.2485145E+7,	 3.5334024E+0,	 5.8668292E+2	
 7.2485285E+7,	 3.5435268E+0,	 5.6289935E+2	
 7.2485425E+7,	 3.5536511E+0,	 5.3538591E+2	
 7.2485565E+7,	 3.5637755E+0,	 5.0992674E+2	
 7.2485705E+7,	 3.5738999E+0,	 4.8745236E+2	
 7.2485845E+7,	 3.5840242E+0,	 4.6430385E+2	
 7.2485990E+7,	 3.5941486E+0,	 4.4009772E+2	
 7.2486130E+7,	 3.6042730E+0,	 4.2159256E+2	
 7.2486270E+7,	 3.6143973E+0,	 3.9787003E+2	
 7.2486410E+7,	 3.6245217E+0,	 3.8162434E+2	
 7.2486550E+7,	 3.6346460E+0,	 3.7057400E+2	
 7.2486690E+7,	 3.6447704E+0,	 3.6790425E+2	
 7.2486830E+7,	 3.6548948E+0,	 3.7336591E+2	
 7.2486970E+7,	 3.6650191E+0,	 3.8817292E+2	
 7.2487110E+7,	 3.6751435E+0,	 4.1383243E+2	
 7.2487250E+7,	 3.6852679E+0,	 4.5483878E+2	
 7.2487390E+7,	 3.6953922E+0,	 4.9924034E+2	
 7.2487530E+7,	 3.7055166E+0,	 5.4579872E+2	
 7.2487670E+7,	 3.7156409E+0,	 6.0304350E+2	
 7.2487810E+7,	 3.7257653E+0,	 6.5719593E+2	
 7.2487950E+7,	 3.7358897E+0,	 7.0449197E+2	
 7.2488095E+7,	 3.7460140E+0,	 7.4286026E+2	
 7.2488235E+7,	 3.7561384E+0,	 7.5117242E+2	
 7.2488375E+7,	 3.7662628E+0,	 7.3718125E+2	
 7.2488515E+7,	 3.7763871E+0,	 7.2075474E+2	
 7.2488660E+7,	 3.7865115E+0,	 6.9912070E+2	
 7.2488800E+7,	 3.7966358E+0,	 6.6596240E+2	
 7.2488940E+7,	 3.8067602E+0,	 6.2274063E+2	
 7.2489082E+7,	 3.8168846E+0,	 5.6766486E+2	
 7.2489222E+7,	 3.8270089E+0,	 5.2127504E+2	
 7.2489362E+7,	 3.8371333E+0,	 4.6746701E+2	
 7.2489502E+7,	 3.8472577E+0,	 4.1881534E+2	
 7.2489642E+7,	 3.8573820E+0,	 3.8117245E+2	
 7.2489782E+7,	 3.8675064E+0,	 3.5888129E+2	
 7.2489922E+7,	 3.8776307E+0,	 3.4985590E+2	
 7.2490062E+7,	 3.8877551E+0,	 3.8880557E+2	
 7.2490202E+7,	 3.8978795E+0,	 4.3363947E+2	
 7.2490342E+7,	 3.9080038E+0,	 4.5244506E+2	
 7.2490482E+7,	 3.9181282E+0,	 4.7360528E+2	
 7.2490622E+7,	 3.9282526E+0,	 5.1327550E+2	
 7.2490762E+7,	 3.9383769E+0,	 5.6295067E+2	
 7.2490902E+7,	 3.9485013E+0,	 6.2044698E+2	
 7.2491046E+7,	 3.9586256E+0,	 6.7601615E+2	
 7.2491186E+7,	 3.9687500E+0,	 7.1931851E+2	
 7.2491326E+7,	 3.9788744E+0,	 7.5326574E+2	
 7.2491466E+7,	 3.9889987E+0,	 7.7641916E+2	
 7.2491606E+7,	 3.9991231E+0,	 7.8953344E+2	
 7.2491746E+7,	 4.0092474E+0,	 7.9136294E+2	
 7.2491886E+7,	 4.0193718E+0,	 7.8393990E+2	
 7.2492026E+7,	 4.0294962E+0,	 7.6823646E+2	
 7.2492166E+7,	 4.0396205E+0,	 7.2721303E+2	
 7.2492306E+7,	 4.0497449E+0,	 6.6682220E+2	
 7.2492446E+7,	 4.0598693E+0,	 6.0998291E+2	
 7.2492586E+7,	 4.0699936E+0,	 5.5077916E+2	
 7.2492726E+7,	 4.0801180E+0,	 4.8560333E+2	
 7.2492866E+7,	 4.0902423E+0,	 4.3096972E+2	
 7.2493007E+7,	 4.1003667E+0,	 3.8424036E+2	
 7.2493151E+7,	 4.1104911E+0,	 3.4669760E+2	
 7.2493291E+7,	 4.1206154E+0,	 3.3279678E+2	
 7.2493431E+7,	 4.1307398E+0,	 3.2962874E+2	
 7.2493571E+7,	 4.1408642E+0,	 3.3384222E+2	
 7.2493711E+7,	 4.1509885E+0,	 3.4303614E+2	
 7.2493855E+7,	 4.1611129E+0,	 3.6368588E+2	
 7.2493997E+7,	 4.1712372E+0,	 3.9096239E+2	
 7.2494137E+7,	 4.1813616E+0,	 4.1859305E+2	
 7.2494277E+7,	 4.1914860E+0,	 4.4745237E+2	
 7.2494419E+7,	 4.2016103E+0,	 4.8154128E+2	
 7.2494559E+7,	 4.2117347E+0,	 5.1897901E+2	
 7.2494699E+7,	 4.2218591E+0,	 5.5280900E+2	
 7.2494839E+7,	 4.2319834E+0,	 5.8706397E+2	
 7.2494979E+7,	 4.2421078E+0,	 6.2480950E+2	
 7.2495119E+7,	 4.2522321E+0,	 6.5897900E+2	
 7.2495259E+7,	 4.2623565E+0,	 6.9889593E+2	
 7.2495399E+7,	 4.2724809E+0,	 7.3858082E+2	
 7.2495539E+7,	 4.2826052E+0,	 7.6112115E+2	
 7.2495679E+7,	 4.2927296E+0,	 7.7212018E+2	
 7.2495819E+7,	 4.3028540E+0,	 7.7337569E+2	
 7.2495959E+7,	 4.3129783E+0,	 7.6121151E+2	
 7.2496099E+7,	 4.3231027E+0,	 7.2931606E+2	
 7.2496239E+7,	 4.3332270E+0,	 6.8504399E+2	
 7.2496379E+7,	 4.3433514E+0,	 6.3059109E+2	
 7.2496520E+7,	 4.3534758E+0,	 5.7370055E+2	
 7.2496660E+7,	 4.3636001E+0,	 5.2140206E+2	
 7.2496800E+7,	 4.3737245E+0,	 4.6755007E+2	
 7.2496940E+7,	 4.3838489E+0,	 4.2068148E+2	
 7.2497080E+7,	 4.3939732E+0,	 3.8272592E+2	
 7.2497220E+7,	 4.4040976E+0,	 3.6992916E+2	
 7.2497360E+7,	 4.4142219E+0,	 3.7113091E+2	
 7.2497500E+7,	 4.4243463E+0,	 3.7688079E+2	
 7.2497640E+7,	 4.4344707E+0,	 3.8912067E+2	
 7.2497783E+7,	 4.4445950E+0,	 4.1119930E+2	
 7.2497923E+7,	 4.4547194E+0,	 4.4135565E+2	
 7.2498063E+7,	 4.4648437E+0,	 4.7799951E+2	
 7.2498203E+7,	 4.4749681E+0,	 5.1799464E+2	
 7.2498343E+7,	 4.4850925E+0,	 5.5872738E+2	
 7.2498483E+7,	 4.4952168E+0,	 6.0048604E+2	
 7.2498628E+7,	 4.5053412E+0,	 6.4326090E+2	
 7.2498768E+7,	 4.5154656E+0,	 6.7804104E+2	
 7.2498908E+7,	 4.5255899E+0,	 7.0114559E+2	
 7.2499048E+7,	 4.5357143E+0,	 7.2193944E+2	
 7.2499188E+7,	 4.5458386E+0,	 7.3750854E+2	
 7.2499328E+7,	 4.5559630E+0,	 7.4260628E+2	
 7.2499468E+7,	 4.5660874E+0,	 7.4352956E+2	
 7.2499608E+7,	 4.5762117E+0,	 7.3503178E+2	
 7.2499748E+7,	 4.5863361E+0,	 7.1416461E+2	
 7.2499888E+7,	 4.5964605E+0,	 6.9117492E+2	
 7.2500028E+7,	 4.6065848E+0,	 6.7867124E+2	
 7.2500171E+7,	 4.6167092E+0,	 6.5872008E+2	
 7.2500314E+7,	 4.6268335E+0,	 6.3390815E+2	
 7.2500454E+7,	 4.6369579E+0,	 6.0066193E+2	
 7.2500594E+7,	 4.6470823E+0,	 5.7091349E+2	
 7.2500734E+7,	 4.6572066E+0,	 5.4616022E+2	
 7.2500878E+7,	 4.6673310E+0,	 5.1699805E+2	
 7.2501018E+7,	 4.6774554E+0,	 4.8191255E+2	
 7.2501158E+7,	 4.6875797E+0,	 4.4309476E+2	
 7.2501298E+7,	 4.6977041E+0,	 4.0792379E+2	
 7.2501438E+7,	 4.7078284E+0,	 3.8290671E+2	
 7.2501578E+7,	 4.7179528E+0,	 3.6751589E+2	
 7.2501718E+7,	 4.7280772E+0,	 3.6402297E+2	
 7.2501858E+7,	 4.7382015E+0,	 3.6968490E+2	
 7.2501998E+7,	 4.7483259E+0,	 3.8478750E+2	
 7.2502138E+7,	 4.7584503E+0,	 4.0393013E+2	
 7.2502278E+7,	 4.7685746E+0,	 4.3195897E+2	
 7.2502418E+7,	 4.7786990E+0,	 4.6298975E+2	
 7.2502558E+7,	 4.7888233E+0,	 4.9239132E+2	
 7.2502698E+7,	 4.7989477E+0,	 5.2770638E+2	
 7.2502839E+7,	 4.8090721E+0,	 5.6990230E+2	
 7.2502979E+7,	 4.8191964E+0,	 6.1130190E+2	
 7.2503122E+7,	 4.8293208E+0,	 6.4236200E+2	
 7.2503262E+7,	 4.8394452E+0,	 6.6568148E+2	
 7.2503402E+7,	 4.8495695E+0,	 6.8885201E+2	
 7.2503546E+7,	 4.8596939E+0,	 7.1540058E+2	
 7.2503686E+7,	 4.8698182E+0,	 7.3449194E+2	
 7.2503826E+7,	 4.8799426E+0,	 7.5100881E+2	
 7.2503966E+7,	 4.8900670E+0,	 7.6675624E+2	
 7.2504106E+7,	 4.9001913E+0,	 7.7707863E+2	
 7.2504246E+7,	 4.9103157E+0,	 7.8494138E+2	
 7.2504386E+7,	 4.9204401E+0,	 7.8170979E+2	
 7.2504526E+7,	 4.9305644E+0,	 7.7648264E+2	
 7.2504666E+7,	 4.9406888E+0,	 7.7065706E+2	
 7.2504806E+7,	 4.9508131E+0,	 7.5300682E+2	
 7.2504946E+7,	 4.9609375E+0,	 7.2215682E+2	
 7.2505086E+7,	 4.9710619E+0,	 6.8115294E+2	
 7.2505226E+7,	 4.9811862E+0,	 6.3022715E+2	
 7.2505369E+7,	 4.9913106E+0,	 5.7340741E+2	
 7.2505509E+7,	 5.0014349E+0,	 5.1290178E+2	
 7.2505649E+7,	 5.0115593E+0,	 4.5079872E+2	
 7.2505792E+7,	 5.0216837E+0,	 3.9503175E+2	
 7.2505932E+7,	 5.0318080E+0,	 3.4620419E+2	
 7.2506072E+7,	 5.0419324E+0,	 3.2142404E+2	
 7.2506212E+7,	 5.0520568E+0,	 3.2769665E+2	
 7.2506353E+7,	 5.0621811E+0,	 3.4823644E+2	
 7.2506493E+7,	 5.0723055E+0,	 3.7182707E+2	
 7.2506633E+7,	 5.0824298E+0,	 3.9864436E+2	
 7.2506773E+7,	 5.0925542E+0,	 4.3791890E+2	
 7.2506913E+7,	 5.1026786E+0,	 4.8579875E+2	
 7.2507053E+7,	 5.1128029E+0,	 5.3893989E+2	
 7.2507196E+7,	 5.1229273E+0,	 5.9476548E+2	
 7.2507340E+7,	 5.1330517E+0,	 6.5787005E+2	
 7.2507480E+7,	 5.1431760E+0,	 7.0928919E+2	
 7.2507620E+7,	 5.1533004E+0,	 7.5205666E+2	
 7.2507760E+7,	 5.1634247E+0,	 7.8429651E+2	
 7.2507900E+7,	 5.1735491E+0,	 8.0213481E+2	
 7.2508040E+7,	 5.1836735E+0,	 7.6910359E+2	
 7.2508180E+7,	 5.1937978E+0,	 7.2415489E+2	
 7.2508320E+7,	 5.2039222E+0,	 7.1074253E+2	
 7.2508460E+7,	 5.2140466E+0,	 6.9727165E+2	
 7.2508600E+7,	 5.2241709E+0,	 6.6700542E+2	
 7.2508744E+7,	 5.2342953E+0,	 6.1980462E+2	
 7.2508884E+7,	 5.2444196E+0,	 5.7085490E+2	
 7.2509024E+7,	 5.2545440E+0,	 5.2240598E+2	
 7.2509164E+7,	 5.2646684E+0,	 4.7626773E+2	
 7.2509306E+7,	 5.2747927E+0,	 4.3173423E+2	
 7.2509446E+7,	 5.2849171E+0,	 3.9319736E+2	
 7.2509586E+7,	 5.2950415E+0,	 3.6666584E+2	
 7.2509726E+7,	 5.3051658E+0,	 3.5473865E+2	
 7.2509866E+7,	 5.3152902E+0,	 3.4563020E+2	
 7.2510006E+7,	 5.3254145E+0,	 3.4624085E+2	
