Temps___(ms):,	Pos.cal.(um):,	 Tension_(mV):	
 7.0465382E+7,	-1.5247290E+1,	 1.3161799E+3	
 7.0465462E+7,	-1.5196668E+1,	 1.3162042E+3	
 7.0465542E+7,	-1.5146046E+1,	 1.3162580E+3	
 7.0465622E+7,	-1.5095424E+1,	 1.3161554E+3	
 7.0465702E+7,	-1.5044802E+1,	 1.3159990E+3	
 7.0465782E+7,	-1.4994180E+1,	 1.3156865E+3	
 7.0465862E+7,	-1.4943559E+1,	 1.3154324E+3	
 7.0465942E+7,	-1.4892937E+1,	 1.3152956E+3	
 7.0466022E+7,	-1.4842315E+1,	 1.3153151E+3	
 7.0466102E+7,	-1.4791693E+1,	 1.3156034E+3	
 7.0466182E+7,	-1.4741071E+1,	 1.3157841E+3	
 7.0466262E+7,	-1.4690450E+1,	 1.3161114E+3	
 7.0466342E+7,	-1.4639828E+1,	 1.3166635E+3	
 7.0466422E+7,	-1.4589206E+1,	 1.3171276E+3	
 7.0466502E+7,	-1.4538584E+1,	 1.3172252E+3	
 7.0466582E+7,	-1.4487962E+1,	 1.3169516E+3	
 7.0466662E+7,	-1.4437341E+1,	 1.3162775E+3	
 7.0466742E+7,	-1.4386719E+1,	 1.3156278E+3	
 7.0466822E+7,	-1.4336097E+1,	 1.3154910E+3	
 7.0466902E+7,	-1.4285475E+1,	 1.3159258E+3	
 7.0466982E+7,	-1.4234853E+1,	 1.3167220E+3	
 7.0467062E+7,	-1.4184232E+1,	 1.3171763E+3	
 7.0467142E+7,	-1.4133610E+1,	 1.3168100E+3	
 7.0467222E+7,	-1.4082988E+1,	 1.3160381E+3	
 7.0467302E+7,	-1.4032366E+1,	 1.3155154E+3	
 7.0467382E+7,	-1.3981744E+1,	 1.3155203E+3	
 7.0467462E+7,	-1.3931122E+1,	 1.3160479E+3	
 7.0467542E+7,	-1.3880501E+1,	 1.3167465E+3	
 7.0467622E+7,	-1.3829879E+1,	 1.3173181E+3	
 7.0467702E+7,	-1.3779257E+1,	 1.3174646E+3	
 7.0467782E+7,	-1.3728635E+1,	 1.3166342E+3	
 7.0467862E+7,	-1.3678013E+1,	 1.3155203E+3	
 7.0467942E+7,	-1.3627392E+1,	 1.3150220E+3	
 7.0468022E+7,	-1.3576770E+1,	 1.3153054E+3	
 7.0468102E+7,	-1.3526148E+1,	 1.3157694E+3	
 7.0468182E+7,	-1.3475526E+1,	 1.3165315E+3	
 7.0468262E+7,	-1.3424904E+1,	 1.3172399E+3	
 7.0468342E+7,	-1.3374283E+1,	 1.3171812E+3	
 7.0468422E+7,	-1.3323661E+1,	 1.3167807E+3	
 7.0468502E+7,	-1.3273039E+1,	 1.3162189E+3	
 7.0468582E+7,	-1.3222417E+1,	 1.3154031E+3	
 7.0468662E+7,	-1.3171795E+1,	 1.3149146E+3	
 7.0468742E+7,	-1.3121173E+1,	 1.3150611E+3	
 7.0468822E+7,	-1.3070552E+1,	 1.3162384E+3	
 7.0468902E+7,	-1.3019930E+1,	 1.3174255E+3	
 7.0468982E+7,	-1.2969308E+1,	 1.3171227E+3	
 7.0469062E+7,	-1.2918686E+1,	 1.3160381E+3	
 7.0469142E+7,	-1.2868064E+1,	 1.3150171E+3	
 7.0469222E+7,	-1.2817443E+1,	 1.3148266E+3	
 7.0469302E+7,	-1.2766821E+1,	 1.3155594E+3	
 7.0469382E+7,	-1.2716199E+1,	 1.3166878E+3	
 7.0469462E+7,	-1.2665577E+1,	 1.3174255E+3	
 7.0469542E+7,	-1.2614955E+1,	 1.3170934E+3	
 7.0469622E+7,	-1.2564334E+1,	 1.3162971E+3	
 7.0469702E+7,	-1.2513712E+1,	 1.3155447E+3	
 7.0469782E+7,	-1.2463090E+1,	 1.3148804E+3	
 7.0469862E+7,	-1.2412468E+1,	 1.3154569E+3	
 7.0469942E+7,	-1.2361846E+1,	 1.3168833E+3	
 7.0470022E+7,	-1.2311224E+1,	 1.3177480E+3	
 7.0470102E+7,	-1.2260603E+1,	 1.3177382E+3	
 7.0470182E+7,	-1.2209981E+1,	 1.3163899E+3	
 7.0470262E+7,	-1.2159359E+1,	 1.3150562E+3	
 7.0470342E+7,	-1.2108737E+1,	 1.3145677E+3	
 7.0470422E+7,	-1.2058115E+1,	 1.3149829E+3	
 7.0470502E+7,	-1.2007494E+1,	 1.3158036E+3	
 7.0470582E+7,	-1.1956872E+1,	 1.3167660E+3	
 7.0470662E+7,	-1.1906250E+1,	 1.3176161E+3	
 7.0470742E+7,	-1.1855628E+1,	 1.3174255E+3	
 7.0470822E+7,	-1.1805006E+1,	 1.3160675E+3	
 7.0470902E+7,	-1.1754385E+1,	 1.3147533E+3	
 7.0470982E+7,	-1.1703763E+1,	 1.3147435E+3	
 7.0471062E+7,	-1.1653141E+1,	 1.3163313E+3	
 7.0471142E+7,	-1.1602519E+1,	 1.3175135E+3	
 7.0471222E+7,	-1.1551897E+1,	 1.3172594E+3	
 7.0471302E+7,	-1.1501276E+1,	 1.3158183E+3	
 7.0471382E+7,	-1.1450654E+1,	 1.3145530E+3	
 7.0471462E+7,	-1.1400032E+1,	 1.3146263E+3	
 7.0471542E+7,	-1.1349410E+1,	 1.3163704E+3	
 7.0471622E+7,	-1.1298788E+1,	 1.3178555E+3	
 7.0471702E+7,	-1.1248166E+1,	 1.3180655E+3	
 7.0471782E+7,	-1.1197545E+1,	 1.3169761E+3	
 7.0471862E+7,	-1.1146923E+1,	 1.3147290E+3	
 7.0471942E+7,	-1.1096301E+1,	 1.3139864E+3	
 7.0472022E+7,	-1.1045679E+1,	 1.3151588E+3	
 7.0472102E+7,	-1.0995057E+1,	 1.3169467E+3	
 7.0472182E+7,	-1.0944436E+1,	 1.3180313E+3	
 7.0472262E+7,	-1.0893814E+1,	 1.3177871E+3	
 7.0472342E+7,	-1.0843192E+1,	 1.3165658E+3	
 7.0472422E+7,	-1.0792570E+1,	 1.3148266E+3	
 7.0472502E+7,	-1.0741948E+1,	 1.3136297E+3	
 7.0472582E+7,	-1.0691327E+1,	 1.3135906E+3	
 7.0472662E+7,	-1.0640705E+1,	 1.3147728E+3	
 7.0472742E+7,	-1.0590083E+1,	 1.3168833E+3	
 7.0472822E+7,	-1.0539461E+1,	 1.3183440E+3	
 7.0472902E+7,	-1.0488839E+1,	 1.3175917E+3	
 7.0472982E+7,	-1.0438217E+1,	 1.3150806E+3	
 7.0473062E+7,	-1.0387596E+1,	 1.3134637E+3	
 7.0473142E+7,	-1.0336974E+1,	 1.3144163E+3	
 7.0473222E+7,	-1.0286352E+1,	 1.3164144E+3	
 7.0473302E+7,	-1.0235730E+1,	 1.3180948E+3	
 7.0473382E+7,	-1.0185108E+1,	 1.3180264E+3	
 7.0473462E+7,	-1.0134487E+1,	 1.3155789E+3	
 7.0473542E+7,	-1.0083865E+1,	 1.3133757E+3	
 7.0473622E+7,	-1.0033243E+1,	 1.3137714E+3	
 7.0473702E+7,	-9.9826212E+0,	 1.3155105E+3	
 7.0473782E+7,	-9.9319994E+0,	 1.3176357E+3	
 7.0473862E+7,	-9.8813776E+0,	 1.3189057E+3	
 7.0473942E+7,	-9.8307557E+0,	 1.3170054E+3	
 7.0474022E+7,	-9.7801339E+0,	 1.3140889E+3	
 7.0474102E+7,	-9.7295121E+0,	 1.3130581E+3	
 7.0474182E+7,	-9.6788903E+0,	 1.3141329E+3	
 7.0474262E+7,	-9.6282685E+0,	 1.3164729E+3	
 7.0474342E+7,	-9.5776467E+0,	 1.3187934E+3	
 7.0474422E+7,	-9.5270249E+0,	 1.3196532E+3	
 7.0474502E+7,	-9.4764031E+0,	 1.3181291E+3	
 7.0474582E+7,	-9.4257812E+0,	 1.3155594E+3	
 7.0474662E+7,	-9.3751594E+0,	 1.3135271E+3	
 7.0474742E+7,	-9.3245376E+0,	 1.3128334E+3	
 7.0474822E+7,	-9.2739158E+0,	 1.3139229E+3	
 7.0474902E+7,	-9.2232940E+0,	 1.3169956E+3	
 7.0474982E+7,	-9.1726722E+0,	 1.3189008E+3	
 7.0475062E+7,	-9.1220504E+0,	 1.3172252E+3	
 7.0475142E+7,	-9.0714286E+0,	 1.3139864E+3	
 7.0475222E+7,	-9.0208068E+0,	 1.3128628E+3	
 7.0475302E+7,	-8.9701849E+0,	 1.3147337E+3	
 7.0475382E+7,	-8.9195631E+0,	 1.3183000E+3	
 7.0475462E+7,	-8.8689413E+0,	 1.3189106E+3	
 7.0475542E+7,	-8.8183195E+0,	 1.3161945E+3	
 7.0475622E+7,	-8.7676977E+0,	 1.3133073E+3	
 7.0475702E+7,	-8.7170759E+0,	 1.3125794E+3	
 7.0475782E+7,	-8.6664541E+0,	 1.3132439E+3	
 7.0475862E+7,	-8.6158323E+0,	 1.3165218E+3	
 7.0475942E+7,	-8.5652105E+0,	 1.3195066E+3	
 7.0476022E+7,	-8.5145886E+0,	 1.3179433E+3	
 7.0476102E+7,	-8.4639668E+0,	 1.3143479E+3	
 7.0476185E+7,	-8.4133450E+0,	 1.3124573E+3	
 7.0476265E+7,	-8.3627232E+0,	 1.3124133E+3	
 7.0476345E+7,	-8.3121014E+0,	 1.3150318E+3	
 7.0476425E+7,	-8.2614796E+0,	 1.3186371E+3	
 7.0476505E+7,	-8.2108578E+0,	 1.3204446E+3	
 7.0476585E+7,	-8.1602360E+0,	 1.3189839E+3	
 7.0476665E+7,	-8.1096142E+0,	 1.3156034E+3	
 7.0476745E+7,	-8.0589923E+0,	 1.3129654E+3	
 7.0476825E+7,	-8.0083705E+0,	 1.3122180E+3	
 7.0476905E+7,	-7.9577487E+0,	 1.3133855E+3	
 7.0476985E+7,	-7.9071269E+0,	 1.3173670E+3	
 7.0477065E+7,	-7.8565051E+0,	 1.3201661E+3	
 7.0477145E+7,	-7.8058833E+0,	 1.3181827E+3	
 7.0477225E+7,	-7.7552615E+0,	 1.3138838E+3	
 7.0477305E+7,	-7.7046397E+0,	 1.3122522E+3	
 7.0477385E+7,	-7.6540179E+0,	 1.3134832E+3	
 7.0477465E+7,	-7.6033960E+0,	 1.3178164E+3	
 7.0477545E+7,	-7.5527742E+0,	 1.3201857E+3	
 7.0477625E+7,	-7.5021524E+0,	 1.3182511E+3	
 7.0477705E+7,	-7.4515306E+0,	 1.3141329E+3	
 7.0477785E+7,	-7.4009088E+0,	 1.3118466E+3	
 7.0477865E+7,	-7.3502870E+0,	 1.3119053E+3	
 7.0477945E+7,	-7.2996652E+0,	 1.3147290E+3	
 7.0478025E+7,	-7.2490434E+0,	 1.3194187E+3	
 7.0478105E+7,	-7.1984216E+0,	 1.3200978E+3	
 7.0478185E+7,	-7.1477997E+0,	 1.3160137E+3	
 7.0478269E+7,	-7.0971779E+0,	 1.3122619E+3	
 7.0478349E+7,	-7.0465561E+0,	 1.3111774E+3	
 7.0478433E+7,	-6.9959343E+0,	 1.3137665E+3	
 7.0478513E+7,	-6.9453125E+0,	 1.3178897E+3	
 7.0478593E+7,	-6.8946907E+0,	 1.3211285E+3	
 7.0478673E+7,	-6.8440689E+0,	 1.3214070E+3	
 7.0478753E+7,	-6.7934471E+0,	 1.3187592E+3	
 7.0478833E+7,	-6.7428253E+0,	 1.3149048E+3	
 7.0478913E+7,	-6.6922034E+0,	 1.3119590E+3	
 7.0478993E+7,	-6.6415816E+0,	 1.3121446E+3	
 7.0479073E+7,	-6.5909598E+0,	 1.3167856E+3	
 7.0479153E+7,	-6.5403380E+0,	 1.3212898E+3	
 7.0479233E+7,	-6.4897162E+0,	 1.3191500E+3	
 7.0479313E+7,	-6.4390944E+0,	 1.3140010E+3	
 7.0479393E+7,	-6.3884726E+0,	 1.3115243E+3	
 7.0479474E+7,	-6.3378508E+0,	 1.3138545E+3	
 7.0479554E+7,	-6.2872290E+0,	 1.3194627E+3	
 7.0479634E+7,	-6.2366071E+0,	 1.3215292E+3	
 7.0479714E+7,	-6.1859853E+0,	 1.3180020E+3	
 7.0479794E+7,	-6.1353635E+0,	 1.3130045E+3	
 7.0479874E+7,	-6.0847417E+0,	 1.3105032E+3	
 7.0479954E+7,	-6.0341199E+0,	 1.3114363E+3	
 7.0480034E+7,	-5.9834981E+0,	 1.3162628E+3	
 7.0480114E+7,	-5.9328763E+0,	 1.3209478E+3	
 7.0480194E+7,	-5.8822545E+0,	 1.3199854E+3	
 7.0480274E+7,	-5.8316327E+0,	 1.3145823E+3	
 7.0480354E+7,	-5.7810108E+0,	 1.3113385E+3	
 7.0480434E+7,	-5.7303890E+0,	 1.3109429E+3	
 7.0480517E+7,	-5.6797672E+0,	 1.3142452E+3	
 7.0480597E+7,	-5.6291454E+0,	 1.3189106E+3	
 7.0480677E+7,	-5.5785236E+0,	 1.3223205E+3	
 7.0480757E+7,	-5.5279018E+0,	 1.3219199E+3	
 7.0480837E+7,	-5.4772800E+0,	 1.3187299E+3	
 7.0480917E+7,	-5.4266582E+0,	 1.3131706E+3	
 7.0480997E+7,	-5.3760364E+0,	 1.3095946E+3	
 7.0481077E+7,	-5.3254145E+0,	 1.3110894E+3	
 7.0481157E+7,	-5.2747927E+0,	 1.3175037E+3	
 7.0481237E+7,	-5.2241709E+0,	 1.3223253E+3	
 7.0481317E+7,	-5.1735491E+0,	 1.3187397E+3	
 7.0481397E+7,	-5.1229273E+0,	 1.3126723E+3	
 7.0481477E+7,	-5.0723055E+0,	 1.3099658E+3	
 7.0481557E+7,	-5.0216837E+0,	 1.3128383E+3	
 7.0481637E+7,	-4.9710619E+0,	 1.3187348E+3	
 7.0481717E+7,	-4.9204401E+0,	 1.3223449E+3	
 7.0481797E+7,	-4.8698182E+0,	 1.3185540E+3	
 7.0481877E+7,	-4.8191964E+0,	 1.3125111E+3	
 7.0481957E+7,	-4.7685746E+0,	 1.3087837E+3	
 7.0482037E+7,	-4.7179528E+0,	 1.3099414E+3	
 7.0482117E+7,	-4.6673310E+0,	 1.3157939E+3	
 7.0482197E+7,	-4.6167092E+0,	 1.3216903E+3	
 7.0482277E+7,	-4.5660874E+0,	 1.3209184E+3	
 7.0482357E+7,	-4.5154656E+0,	 1.3147826E+3	
 7.0482437E+7,	-4.4648437E+0,	 1.3106644E+3	
 7.0482517E+7,	-4.4142219E+0,	 1.3096434E+3	
 7.0482601E+7,	-4.3636001E+0,	 1.3133219E+3	
 7.0482681E+7,	-4.3129783E+0,	 1.3191061E+3	
 7.0482761E+7,	-4.2623565E+0,	 1.3237226E+3	
 7.0482841E+7,	-4.2117347E+0,	 1.3238007E+3	
 7.0482921E+7,	-4.1611129E+0,	 1.3196093E+3	
 7.0483001E+7,	-4.1104911E+0,	 1.3122375E+3	
 7.0483081E+7,	-4.0598693E+0,	 1.3075477E+3	
 7.0483161E+7,	-4.0092474E+0,	 1.3117588E+3	
 7.0483241E+7,	-3.9586256E+0,	 1.3191940E+3	
 7.0483321E+7,	-3.9080038E+0,	 1.3230777E+3	
 7.0483401E+7,	-3.8573820E+0,	 1.3183587E+3	
 7.0483481E+7,	-3.8067602E+0,	 1.3113679E+3	
 7.0483561E+7,	-3.7561384E+0,	 1.3096629E+3	
 7.0483642E+7,	-3.7055166E+0,	 1.3147045E+3	
 7.0483722E+7,	-3.6548948E+0,	 1.3219053E+3	
 7.0483802E+7,	-3.6042730E+0,	 1.3230045E+3	
 7.0483882E+7,	-3.5536511E+0,	 1.3171374E+3	
 7.0483962E+7,	-3.5030293E+0,	 1.3114119E+3	
 7.0484042E+7,	-3.4524075E+0,	 1.3073328E+3	
 7.0484122E+7,	-3.4017857E+0,	 1.3098485E+3	
 7.0484202E+7,	-3.3511639E+0,	 1.3178897E+3	
 7.0484282E+7,	-3.3005421E+0,	 1.3244505E+3	
 7.0484362E+7,	-3.2499203E+0,	 1.3231510E+3	
 7.0484442E+7,	-3.1992985E+0,	 1.3171276E+3	
 7.0484522E+7,	-3.1486767E+0,	 1.3106155E+3	
 7.0484602E+7,	-3.0980548E+0,	 1.3069419E+3	
 7.0484682E+7,	-3.0474330E+0,	 1.3103811E+3	
 7.0484762E+7,	-2.9968112E+0,	 1.3168540E+3	
 7.0484842E+7,	-2.9461894E+0,	 1.3238593E+3	
 7.0484922E+7,	-2.8955676E+0,	 1.3262384E+3	
 7.0485002E+7,	-2.8449458E+0,	 1.3237762E+3	
 7.0485082E+7,	-2.7943240E+0,	 1.3175037E+3	
 7.0485162E+7,	-2.7437022E+0,	 1.3104641E+3	
 7.0485242E+7,	-2.6930804E+0,	 1.3089888E+3	
 7.0485323E+7,	-2.6424585E+0,	 1.3146948E+3	
 7.0485403E+7,	-2.5918367E+0,	 1.3229507E+3	
 7.0485483E+7,	-2.5412149E+0,	 1.3235857E+3	
 7.0485563E+7,	-2.4905931E+0,	 1.3171129E+3	
 7.0485643E+7,	-2.4399713E+0,	 1.3104886E+3	
 7.0485723E+7,	-2.3893495E+0,	 1.3072008E+3	
 7.0485803E+7,	-2.3387277E+0,	 1.3122424E+3	
 7.0485883E+7,	-2.2881059E+0,	 1.3198487E+3	
 7.0485963E+7,	-2.2374841E+0,	 1.3258134E+3	
 7.0486043E+7,	-2.1868622E+0,	 1.3252956E+3	
 7.0486123E+7,	-2.1362404E+0,	 1.3174304E+3	
 7.0486203E+7,	-2.0856186E+0,	 1.3095506E+3	
 7.0486283E+7,	-2.0349968E+0,	 1.3099658E+3	
 7.0486363E+7,	-1.9843750E+0,	 1.3170201E+3	
 7.0486443E+7,	-1.9337532E+0,	 1.3250953E+3	
 7.0486523E+7,	-1.8831314E+0,	 1.3268638E+3	
 7.0486603E+7,	-1.8325096E+0,	 1.3220470E+3	
 7.0486683E+7,	-1.7818878E+0,	 1.3137958E+3	
 7.0486763E+7,	-1.7312659E+0,	 1.3073963E+3	
 7.0486843E+7,	-1.6806441E+0,	 1.3065169E+3	
 7.0486923E+7,	-1.6300223E+0,	 1.3117734E+3	
 7.0487003E+7,	-1.5794005E+0,	 1.3189204E+3	
 7.0487083E+7,	-1.5287787E+0,	 1.3259649E+3	
 7.0487163E+7,	-1.4781569E+0,	 1.3272985E+3	
 7.0487243E+7,	-1.4275351E+0,	 1.3206155E+3	
 7.0487325E+7,	-1.3769133E+0,	 1.3101759E+3	
 7.0487408E+7,	-1.3262915E+0,	 1.3065706E+3	
 7.0487488E+7,	-1.2756696E+0,	 1.3135662E+3	
 7.0487568E+7,	-1.2250478E+0,	 1.3233513E+3	
 7.0487648E+7,	-1.1744260E+0,	 1.3249732E+3	
 7.0487728E+7,	-1.1238042E+0,	 1.3168296E+3	
 7.0487808E+7,	-1.0731824E+0,	 1.3092331E+3	
 7.0487888E+7,	-1.0225606E+0,	 1.3071666E+3	
 7.0487971E+7,	-9.7193878E-1,	 1.3140107E+3	
 7.0488051E+7,	-9.2131696E-1,	 1.3231950E+3	
 7.0488131E+7,	-8.7069515E-1,	 1.3279238E+3	
 7.0488211E+7,	-8.2007334E-1,	 1.3246948E+3	
 7.0488291E+7,	-7.6945153E-1,	 1.3125941E+3	
 7.0488372E+7,	-7.1882972E-1,	 1.3055692E+3	
 7.0488452E+7,	-6.6820791E-1,	 1.3089399E+3	
 7.0488532E+7,	-6.1758610E-1,	 1.3174890E+3	
 7.0488612E+7,	-5.6696429E-1,	 1.3258085E+3	
 7.0488692E+7,	-5.1634247E-1,	 1.3276552E+3	
 7.0488772E+7,	-4.6572066E-1,	 1.3234539E+3	
 7.0488857E+7,	-4.1509885E-1,	 1.3123302E+3	
 7.0488938E+7,	-3.6447704E-1,	 1.3046263E+3	
 7.0489018E+7,	-3.1385523E-1,	 1.3039815E+3	
 7.0489098E+7,	-2.6323342E-1,	 1.3083636E+3	
 7.0489178E+7,	-2.1261161E-1,	 1.3158867E+3	
 7.0489258E+7,	-1.6198980E-1,	 1.3259844E+3	
 7.0489338E+7,	-1.1136798E-1,	 1.3238251E+3	
 7.0489420E+7,	-6.0746173E-2,	 1.3127211E+3	
 7.0489501E+7,	-1.0124362E-2,	 1.3056083E+3	
 7.0489581E+7,	 4.0497449E-2,	 1.3114119E+3	
 7.0489661E+7,	 9.1119260E-2,	 1.3214265E+3	
 7.0489741E+7,	 1.4174107E-1,	 1.3293846E+3	
 7.0489823E+7,	 1.9236288E-1,	 1.3262579E+3	
 7.0489903E+7,	 2.4298469E-1,	 1.3143723E+3	
 7.0489983E+7,	 2.9360651E-1,	 1.3055643E+3	
 7.0490063E+7,	 3.4422832E-1,	 1.3049293E+3	
 7.0490143E+7,	 3.9485013E-1,	 1.3117050E+3	
 7.0490223E+7,	 4.4547194E-1,	 1.3220568E+3	
 7.0490305E+7,	 4.9609375E-1,	 1.3268540E+3	
 7.0490385E+7,	 5.4671556E-1,	 1.3183049E+3	
 7.0490465E+7,	 5.9733737E-1,	 1.3072985E+3	
 7.0490545E+7,	 6.4795918E-1,	 1.3052369E+3	
 7.0490625E+7,	 6.9858099E-1,	 1.3122864E+3	
 7.0490705E+7,	 7.4920281E-1,	 1.3236737E+3	
 7.0490785E+7,	 7.9982462E-1,	 1.3302981E+3	
 7.0490866E+7,	 8.5044643E-1,	 1.3255838E+3	
 7.0490946E+7,	 9.0106824E-1,	 1.3133513E+3	
 7.0491026E+7,	 9.5169005E-1,	 1.3051784E+3	
 7.0491106E+7,	 1.0023119E+0,	 1.3023596E+3	
 7.0491186E+7,	 1.0529337E+0,	 1.3063264E+3	
 7.0491266E+7,	 1.1035555E+0,	 1.3152565E+3	
 7.0491346E+7,	 1.1541773E+0,	 1.3264973E+3	
 7.0491426E+7,	 1.2047991E+0,	 1.3220128E+3	
 7.0491507E+7,	 1.2554209E+0,	 1.3093698E+3	
 7.0491587E+7,	 1.3060427E+0,	 1.3047142E+3	
 7.0491667E+7,	 1.3566645E+0,	 1.3108208E+3	
 7.0491747E+7,	 1.4072864E+0,	 1.3231168E+3	
 7.0491827E+7,	 1.4579082E+0,	 1.3283538E+3	
 7.0491907E+7,	 1.5085300E+0,	 1.3193161E+3	
 7.0491987E+7,	 1.5591518E+0,	 1.3074499E+3	
 7.0492067E+7,	 1.6097736E+0,	 1.3043234E+3	
 7.0492147E+7,	 1.6603954E+0,	 1.3110113E+3	
 7.0492227E+7,	 1.7110172E+0,	 1.3227602E+3	
 7.0492307E+7,	 1.7616390E+0,	 1.3287250E+3	
 7.0492387E+7,	 1.8122608E+0,	 1.3212947E+3	
 7.0492467E+7,	 1.8628827E+0,	 1.3093600E+3	
 7.0492547E+7,	 1.9135045E+0,	 1.3054861E+3	
 7.0492627E+7,	 1.9641263E+0,	 1.3139424E+3	
 7.0492707E+7,	 2.0147481E+0,	 1.3253444E+3	
 7.0492787E+7,	 2.0653699E+0,	 1.3297656E+3	
 7.0492867E+7,	 2.1159917E+0,	 1.3248168E+3	
 7.0492952E+7,	 2.1666135E+0,	 1.3108402E+3	
 7.0493032E+7,	 2.2172353E+0,	 1.3024769E+3	
 7.0493112E+7,	 2.2678571E+0,	 1.3042257E+3	
 7.0493192E+7,	 2.3184790E+0,	 1.3113630E+3	
 7.0493272E+7,	 2.3691008E+0,	 1.3213825E+3	
 7.0493352E+7,	 2.4197226E+0,	 1.3288374E+3	
 7.0493432E+7,	 2.4703444E+0,	 1.3239669E+3	
 7.0493516E+7,	 2.5209662E+0,	 1.3088130E+3	
 7.0493596E+7,	 2.5715880E+0,	 1.3042892E+3	
 7.0493676E+7,	 2.6222098E+0,	 1.3131510E+3	
 7.0493756E+7,	 2.6728316E+0,	 1.3255643E+3	
 7.0493836E+7,	 2.7234534E+0,	 1.3273523E+3	
 7.0493916E+7,	 2.7740753E+0,	 1.3180166E+3	
 7.0493996E+7,	 2.8246971E+0,	 1.3067856E+3	
 7.0494076E+7,	 2.8753189E+0,	 1.3068687E+3	
 7.0494156E+7,	 2.9259407E+0,	 1.3178017E+3	
 7.0494237E+7,	 2.9765625E+0,	 1.3291012E+3	
 7.0494317E+7,	 3.0271843E+0,	 1.3287543E+3	
 7.0494397E+7,	 3.0778061E+0,	 1.3166537E+3	
 7.0494477E+7,	 3.1284279E+0,	 1.3070934E+3	
 7.0494557E+7,	 3.1790497E+0,	 1.3087299E+3	
 7.0494637E+7,	 3.2296716E+0,	 1.3209575E+3	
 7.0494717E+7,	 3.2802934E+0,	 1.3273718E+3	
 7.0494797E+7,	 3.3309152E+0,	 1.3242697E+3	
 7.0494877E+7,	 3.3815370E+0,	 1.3128921E+3	
 7.0494957E+7,	 3.4321588E+0,	 1.3035809E+3	
 7.0495037E+7,	 3.4827806E+0,	 1.3030533E+3	
 7.0495117E+7,	 3.5334024E+0,	 1.3117343E+3	
 7.0495197E+7,	 3.5840242E+0,	 1.3231412E+3	
 7.0495277E+7,	 3.6346460E+0,	 1.3310992E+3	
 7.0495357E+7,	 3.6852679E+0,	 1.3297802E+3	
 7.0495437E+7,	 3.7358897E+0,	 1.3173279E+3	
 7.0495517E+7,	 3.7865115E+0,	 1.3077577E+3	
 7.0495597E+7,	 3.8371333E+0,	 1.3114314E+3	
 7.0495677E+7,	 3.8877551E+0,	 1.3238740E+3	
 7.0495757E+7,	 3.9383769E+0,	 1.3245823E+3	
 7.0495837E+7,	 3.9889987E+0,	 1.3132390E+3	
 7.0495917E+7,	 4.0396205E+0,	 1.3044993E+3	
 7.0496001E+7,	 4.0902423E+0,	 1.3071959E+3	
 7.0496081E+7,	 4.1408642E+0,	 1.3199414E+3	
 7.0496161E+7,	 4.1914860E+0,	 1.3298095E+3	
 7.0496241E+7,	 4.2421078E+0,	 1.3277675E+3	
 7.0496321E+7,	 4.2927296E+0,	 1.3172252E+3	
 7.0496401E+7,	 4.3433514E+0,	 1.3064827E+3	
 7.0496484E+7,	 4.3939732E+0,	 1.3073963E+3	
 7.0496564E+7,	 4.4445950E+0,	 1.3208696E+3	
 7.0496644E+7,	 4.4952168E+0,	 1.3297265E+3	
 7.0496726E+7,	 4.5458386E+0,	 1.3246557E+3	
 7.0496806E+7,	 4.5964605E+0,	 1.3122522E+3	
 7.0496886E+7,	 4.6470823E+0,	 1.3028725E+3	
 7.0496966E+7,	 4.6977041E+0,	 1.3023938E+3	
 7.0497046E+7,	 4.7483259E+0,	 1.3132048E+3	
 7.0497126E+7,	 4.7989477E+0,	 1.3279433E+3	
 7.0497207E+7,	 4.8495695E+0,	 1.3323302E+3	
 7.0497287E+7,	 4.9001913E+0,	 1.3274305E+3	
 7.0497367E+7,	 4.9508131E+0,	 1.3171861E+3	
 7.0497447E+7,	 5.0014349E+0,	 1.3058965E+3	
 7.0497527E+7,	 5.0520568E+0,	 1.3050904E+3	
 7.0497607E+7,	 5.1026786E+0,	 1.3163606E+3	
 7.0497690E+7,	 5.1533004E+0,	 1.3285443E+3	
 7.0497771E+7,	 5.2039222E+0,	 1.3248461E+3	
 7.0497851E+7,	 5.2545440E+0,	 1.3111480E+3	
 7.0497931E+7,	 5.3051658E+0,	 1.3034344E+3	
 7.0498012E+7,	 5.3557876E+0,	 1.3084172E+3	
 7.0498092E+7,	 5.4064094E+0,	 1.3220519E+3	
 7.0498172E+7,	 5.4570312E+0,	 1.3292282E+3	
 7.0498252E+7,	 5.5076531E+0,	 1.3236346E+3	
 7.0498332E+7,	 5.5582749E+0,	 1.3109380E+3	
 7.0498412E+7,	 5.6088967E+0,	 1.3026820E+3	
 7.0498496E+7,	 5.6595185E+0,	 1.3080704E+3	
 7.0498576E+7,	 5.7101403E+0,	 1.3217294E+3	
 7.0498656E+7,	 5.7607621E+0,	 1.3274548E+3	
 7.0498736E+7,	 5.8113839E+0,	 1.3199512E+3	
 7.0498816E+7,	 5.8620057E+0,	 1.3072448E+3	
 7.0498896E+7,	 5.9126276E+0,	 1.3021446E+3	
 7.0498979E+7,	 5.9632494E+0,	 1.3079629E+3	
 7.0499059E+7,	 6.0138712E+0,	 1.3196093E+3	
 7.0499140E+7,	 6.0644930E+0,	 1.3287934E+3	
 7.0499220E+7,	 6.1151148E+0,	 1.3283098E+3	
 7.0499300E+7,	 6.1657366E+0,	 1.3194529E+3	
 7.0499380E+7,	 6.2163584E+0,	 1.3094187E+3	
 7.0499460E+7,	 6.2669802E+0,	 1.3028090E+3	
 7.0499540E+7,	 6.3176020E+0,	 1.3063704E+3	
 7.0499620E+7,	 6.3682239E+0,	 1.3180362E+3	
 7.0499703E+7,	 6.4188457E+0,	 1.3268051E+3	
 7.0499783E+7,	 6.4694675E+0,	 1.3194627E+3	
 7.0499863E+7,	 6.5200893E+0,	 1.3113434E+3	
 7.0499943E+7,	 6.5707111E+0,	 1.3092819E+3	
 7.0500023E+7,	 6.6213329E+0,	 1.3194822E+3	
 7.0500104E+7,	 6.6719547E+0,	 1.3290377E+3	
 7.0500189E+7,	 6.7225765E+0,	 1.3253347E+3	
 7.0500271E+7,	 6.7731983E+0,	 1.3121935E+3	
 7.0500351E+7,	 6.8238202E+0,	 1.3036786E+3	
 7.0500431E+7,	 6.8744420E+0,	 1.3042990E+3	
 7.0500511E+7,	 6.9250638E+0,	 1.3148266E+3	
 7.0500591E+7,	 6.9756856E+0,	 1.3282658E+3	
 7.0500671E+7,	 7.0263074E+0,	 1.3250709E+3	
 7.0500751E+7,	 7.0769292E+0,	 1.3125941E+3	
 7.0500831E+7,	 7.1275510E+0,	 1.3037958E+3	
 7.0500911E+7,	 7.1781728E+0,	 1.3068051E+3	
 7.0500991E+7,	 7.2287946E+0,	 1.3154958E+3	
 7.0501072E+7,	 7.2794165E+0,	 1.3270640E+3	
 7.0501152E+7,	 7.3300383E+0,	 1.3301857E+3	
 7.0501232E+7,	 7.3806601E+0,	 1.3218613E+3	
 7.0501315E+7,	 7.4312819E+0,	 1.3095946E+3	
 7.0501395E+7,	 7.4819037E+0,	 1.3025111E+3	
 7.0501475E+7,	 7.5325255E+0,	 1.3029068E+3	
 7.0501555E+7,	 7.5831473E+0,	 1.3109527E+3	
 7.0501635E+7,	 7.6337691E+0,	 1.3231754E+3	
 7.0501715E+7,	 7.6843909E+0,	 1.3257011E+3	
 7.0501795E+7,	 7.7350128E+0,	 1.3135222E+3	
 7.0501879E+7,	 7.7856346E+0,	 1.3055203E+3	
 7.0501959E+7,	 7.8362564E+0,	 1.3087543E+3	
 7.0502039E+7,	 7.8868782E+0,	 1.3200783E+3	
 7.0502119E+7,	 7.9375000E+0,	 1.3301759E+3	
 7.0502200E+7,	 7.9881218E+0,	 1.3262970E+3	
 7.0502280E+7,	 8.0387436E+0,	 1.3121691E+3	
 7.0502360E+7,	 8.0893654E+0,	 1.3043528E+3	
 7.0502442E+7,	 8.1399872E+0,	 1.3066878E+3	
 7.0502522E+7,	 8.1906091E+0,	 1.3159844E+3	
 7.0502605E+7,	 8.2412309E+0,	 1.3273181E+3	
 7.0502685E+7,	 8.2918527E+0,	 1.3266293E+3	
 7.0502765E+7,	 8.3424745E+0,	 1.3116610E+3	
 7.0502845E+7,	 8.3930963E+0,	 1.3038740E+3	
 7.0502929E+7,	 8.4437181E+0,	 1.3086712E+3	
 7.0503009E+7,	 8.4943399E+0,	 1.3171569E+3	
 7.0503091E+7,	 8.5449617E+0,	 1.3276259E+3	
 7.0503171E+7,	 8.5955835E+0,	 1.3307670E+3	
 7.0503251E+7,	 8.6462054E+0,	 1.3217832E+3	
 7.0503331E+7,	 8.6968272E+0,	 1.3100489E+3	
 7.0503411E+7,	 8.7474490E+0,	 1.3035173E+3	
 7.0503491E+7,	 8.7980708E+0,	 1.3063459E+3	
 7.0503571E+7,	 8.8486926E+0,	 1.3145628E+3	
 7.0503651E+7,	 8.8993144E+0,	 1.3259405E+3	
 7.0503731E+7,	 8.9499362E+0,	 1.3277675E+3	
 7.0503811E+7,	 9.0005580E+0,	 1.3179775E+3	
 7.0503891E+7,	 9.0511798E+0,	 1.3076942E+3	
 7.0503971E+7,	 9.1018017E+0,	 1.3076453E+3	
 7.0504051E+7,	 9.1524235E+0,	 1.3166440E+3	
 7.0504133E+7,	 9.2030453E+0,	 1.3271959E+3	
 7.0504213E+7,	 9.2536671E+0,	 1.3262140E+3	
 7.0504293E+7,	 9.3042889E+0,	 1.3129019E+3	
 7.0504373E+7,	 9.3549107E+0,	 1.3050855E+3	
 7.0504453E+7,	 9.4055325E+0,	 1.3082218E+3	
 7.0504533E+7,	 9.4561543E+0,	 1.3175770E+3	
 7.0504616E+7,	 9.5067761E+0,	 1.3273718E+3	
 7.0504699E+7,	 9.5573980E+0,	 1.3263361E+3	
 7.0504779E+7,	 9.6080198E+0,	 1.3128579E+3	
 7.0504859E+7,	 9.6586416E+0,	 1.3051491E+3	
 7.0504939E+7,	 9.7092634E+0,	 1.3085834E+3	
 7.0505019E+7,	 9.7598852E+0,	 1.3180313E+3	
 7.0505100E+7,	 9.8105070E+0,	 1.3279678E+3	
 7.0505180E+7,	 9.8611288E+0,	 1.3290181E+3	
 7.0505260E+7,	 9.9117506E+0,	 1.3220811E+3	
 7.0505344E+7,	 9.9623724E+0,	 1.3109233E+3	
 7.0505424E+7,	 1.0012994E+1,	 1.3045677E+3	
 7.0505504E+7,	 1.0063616E+1,	 1.3057157E+3	
 7.0505584E+7,	 1.0114238E+1,	 1.3116317E+3	
 7.0505664E+7,	 1.0164860E+1,	 1.3204104E+3	
 7.0505746E+7,	 1.0215482E+1,	 1.3277919E+3	
 7.0505826E+7,	 1.0266103E+1,	 1.3225257E+3	
 7.0505910E+7,	 1.0316725E+1,	 1.3095800E+3	
 7.0505990E+7,	 1.0367347E+1,	 1.3059942E+3	
 7.0506070E+7,	 1.0417969E+1,	 1.3132243E+3	
 7.0506150E+7,	 1.0468591E+1,	 1.3258623E+3	
 7.0506230E+7,	 1.0519212E+1,	 1.3294138E+3	
 7.0506310E+7,	 1.0569834E+1,	 1.3222033E+3	
 7.0506394E+7,	 1.0620456E+1,	 1.3101710E+3	
 7.0506474E+7,	 1.0671078E+1,	 1.3056278E+3	
 7.0506554E+7,	 1.0721700E+1,	 1.3102297E+3	
 7.0506634E+7,	 1.0772321E+1,	 1.3194724E+3	
 7.0506715E+7,	 1.0822943E+1,	 1.3270934E+3	
 7.0506795E+7,	 1.0873565E+1,	 1.3246117E+3	
 7.0506875E+7,	 1.0924187E+1,	 1.3120958E+3	
 7.0506959E+7,	 1.0974809E+1,	 1.3055496E+3	
 7.0507039E+7,	 1.1025430E+1,	 1.3109918E+3	
 7.0507119E+7,	 1.1076052E+1,	 1.3191695E+3	
 7.0507201E+7,	 1.1126674E+1,	 1.3278066E+3	
 7.0507281E+7,	 1.1177296E+1,	 1.3275428E+3	
 7.0507361E+7,	 1.1227918E+1,	 1.3193698E+3	
 7.0507441E+7,	 1.1278540E+1,	 1.3103323E+3	
 7.0507521E+7,	 1.1329161E+1,	 1.3056571E+3	
 7.0507605E+7,	 1.1379783E+1,	 1.3078701E+3	
 7.0507685E+7,	 1.1430405E+1,	 1.3145970E+3	
 7.0507765E+7,	 1.1481027E+1,	 1.3245677E+3	
 7.0507849E+7,	 1.1531649E+1,	 1.3270738E+3	
 7.0507929E+7,	 1.1582270E+1,	 1.3180460E+3	
 7.0508009E+7,	 1.1632892E+1,	 1.3087592E+3	
 7.0508089E+7,	 1.1683514E+1,	 1.3091940E+3	
 7.0508169E+7,	 1.1734136E+1,	 1.3158818E+3	
 7.0508249E+7,	 1.1784758E+1,	 1.3244749E+3	
 7.0508329E+7,	 1.1835379E+1,	 1.3241818E+3	
 7.0508409E+7,	 1.1886001E+1,	 1.3134344E+3	
 7.0508489E+7,	 1.1936623E+1,	 1.3074108E+3	
 7.0508569E+7,	 1.1987245E+1,	 1.3103030E+3	
 7.0508649E+7,	 1.2037867E+1,	 1.3174450E+3	
 7.0508729E+7,	 1.2088489E+1,	 1.3257254E+3	
 7.0508809E+7,	 1.2139110E+1,	 1.3261750E+3	
 7.0508889E+7,	 1.2189732E+1,	 1.3160528E+3	
 7.0508969E+7,	 1.2240354E+1,	 1.3085541E+3	
 7.0509049E+7,	 1.2290976E+1,	 1.3089937E+3	
 7.0509129E+7,	 1.2341598E+1,	 1.3155692E+3	
 7.0509209E+7,	 1.2392219E+1,	 1.3230630E+3	
 7.0509289E+7,	 1.2442841E+1,	 1.3263215E+3	
 7.0509369E+7,	 1.2493463E+1,	 1.3226722E+3	
 7.0509449E+7,	 1.2544085E+1,	 1.3138789E+3	
 7.0509529E+7,	 1.2594707E+1,	 1.3075770E+3	
 7.0509609E+7,	 1.2645328E+1,	 1.3065267E+3	
 7.0509689E+7,	 1.2695950E+1,	 1.3096678E+3	
 7.0509769E+7,	 1.2746572E+1,	 1.3168051E+3	
 7.0509849E+7,	 1.2797194E+1,	 1.3252760E+3	
 7.0509929E+7,	 1.2847816E+1,	 1.3232292E+3	
 7.0510009E+7,	 1.2898437E+1,	 1.3141329E+3	
 7.0510089E+7,	 1.2949059E+1,	 1.3093504E+3	
 7.0510169E+7,	 1.2999681E+1,	 1.3132877E+3	
 7.0510249E+7,	 1.3050303E+1,	 1.3217294E+3	
 7.0510329E+7,	 1.3100925E+1,	 1.3258427E+3	
 7.0510409E+7,	 1.3151547E+1,	 1.3224280E+3	
 7.0510489E+7,	 1.3202168E+1,	 1.3134930E+3	
 7.0510569E+7,	 1.3252790E+1,	 1.3083147E+3	
 7.0510649E+7,	 1.3303412E+1,	 1.3103274E+3	
 7.0510729E+7,	 1.3354034E+1,	 1.3166000E+3	
 7.0510809E+7,	 1.3404656E+1,	 1.3242502E+3	
 7.0510889E+7,	 1.3455277E+1,	 1.3249537E+3	
 7.0510969E+7,	 1.3505899E+1,	 1.3157254E+3	
 7.0511049E+7,	 1.3556521E+1,	 1.3088081E+3	
 7.0511129E+7,	 1.3607143E+1,	 1.3092624E+3	
 7.0511209E+7,	 1.3657765E+1,	 1.3138740E+3	
 7.0511289E+7,	 1.3708386E+1,	 1.3222375E+3	
 7.0511373E+7,	 1.3759008E+1,	 1.3268980E+3	
 7.0511453E+7,	 1.3809630E+1,	 1.3247192E+3	
 7.0511533E+7,	 1.3860252E+1,	 1.3185638E+3	
 7.0511615E+7,	 1.3910874E+1,	 1.3128139E+3	
 7.0511695E+7,	 1.3961496E+1,	 1.3087250E+3	
 7.0511775E+7,	 1.4012117E+1,	 1.3097705E+3	
 7.0511855E+7,	 1.4062739E+1,	 1.3159209E+3	
 7.0511935E+7,	 1.4113361E+1,	 1.3234344E+3	
 7.0512015E+7,	 1.4163983E+1,	 1.3236346E+3	
 7.0512095E+7,	 1.4214605E+1,	 1.3165315E+3	
 7.0512175E+7,	 1.4265226E+1,	 1.3111138E+3	
 7.0512255E+7,	 1.4315848E+1,	 1.3105960E+3	
 7.0512335E+7,	 1.4366470E+1,	 1.3160430E+3	
 7.0512415E+7,	 1.4417092E+1,	 1.3231070E+3	
 7.0512495E+7,	 1.4467714E+1,	 1.3229654E+3	
 7.0512575E+7,	 1.4518335E+1,	 1.3159648E+3	
 7.0512655E+7,	 1.4568957E+1,	 1.3106889E+3	
 7.0512735E+7,	 1.4619579E+1,	 1.3089741E+3	
 7.0512815E+7,	 1.4670201E+1,	 1.3126576E+3	
 7.0512895E+7,	 1.4720823E+1,	 1.3182462E+3	
 7.0512975E+7,	 1.4771445E+1,	 1.3231217E+3	
 7.0513055E+7,	 1.4822066E+1,	 1.3205326E+3	
 7.0513135E+7,	 1.4872688E+1,	 1.3139229E+3	
 7.0513215E+7,	 1.4923310E+1,	 1.3101270E+3	
 7.0513295E+7,	 1.4973932E+1,	 1.3096629E+3	
 7.0513375E+7,	 1.5024554E+1,	 1.3146263E+3	
 7.0513455E+7,	 1.5075175E+1,	 1.3217685E+3	
 7.0513535E+7,	 1.5125797E+1,	 1.3244505E+3	
 7.0513615E+7,	 1.5176419E+1,	 1.3229458E+3	
 7.0513695E+7,	 1.5227041E+1,	 1.3194431E+3	
 7.0513775E+7,	 1.5277663E+1,	 1.3149341E+3	
 7.0513855E+7,	 1.5328284E+1,	 1.3117099E+3	
 7.0513935E+7,	 1.5378906E+1,	 1.3126918E+3	
 7.0514015E+7,	 1.5429528E+1,	 1.3176405E+3	
 7.0514095E+7,	 1.5480150E+1,	 1.3226087E+3	
 7.0514175E+7,	 1.5530772E+1,	 1.3207866E+3	
 7.0514255E+7,	 1.5581393E+1,	 1.3143430E+3	
 7.0514335E+7,	 1.5632015E+1,	 1.3114949E+3	
 7.0514415E+7,	 1.5682637E+1,	 1.3123156E+3	
 7.0514495E+7,	 1.5733259E+1,	 1.3165218E+3	
 7.0514575E+7,	 1.5783881E+1,	 1.3217685E+3	
 7.0514655E+7,	 1.5834503E+1,	 1.3231168E+3	
 7.0514735E+7,	 1.5885124E+1,	 1.3190475E+3	
 7.0514815E+7,	 1.5935746E+1,	 1.3144065E+3	
 7.0514895E+7,	 1.5986368E+1,	 1.3116512E+3	
 7.0514975E+7,	 1.6036990E+1,	 1.3111774E+3	
 7.0515055E+7,	 1.6087612E+1,	 1.3155985E+3	
 7.0515135E+7,	 1.6138233E+1,	 1.3213385E+3	
 7.0515215E+7,	 1.6188855E+1,	 1.3230094E+3	
 7.0515295E+7,	 1.6239477E+1,	 1.3198583E+3	
 7.0515375E+7,	 1.6290099E+1,	 1.3147924E+3	
 7.0515455E+7,	 1.6340721E+1,	 1.3118320E+3	
 7.0515535E+7,	 1.6391342E+1,	 1.3120275E+3	
 7.0515615E+7,	 1.6441964E+1,	 1.3147631E+3	
 7.0515695E+7,	 1.6492586E+1,	 1.3190035E+3	
 7.0515775E+7,	 1.6543208E+1,	 1.3220860E+3	
 7.0515855E+7,	 1.6593830E+1,	 1.3227358E+3	
 7.0515935E+7,	 1.6644452E+1,	 1.3198681E+3	
 7.0516015E+7,	 1.6695073E+1,	 1.3143821E+3	
 7.0516095E+7,	 1.6745695E+1,	 1.3119981E+3	
 7.0516175E+7,	 1.6796317E+1,	 1.3138691E+3	
 7.0516255E+7,	 1.6846939E+1,	 1.3189888E+3	
 7.0516335E+7,	 1.6897561E+1,	 1.3216854E+3	
 7.0516415E+7,	 1.6948182E+1,	 1.3191646E+3	
 7.0516495E+7,	 1.6998804E+1,	 1.3143919E+3	
 7.0516575E+7,	 1.7049426E+1,	 1.3123742E+3	
 7.0516656E+7,	 1.7100048E+1,	 1.3132634E+3	
 7.0516736E+7,	 1.7150670E+1,	 1.3172741E+3	
 7.0516816E+7,	 1.7201291E+1,	 1.3211285E+3	
 7.0516896E+7,	 1.7251913E+1,	 1.3224622E+3	
 7.0516976E+7,	 1.7302535E+1,	 1.3205570E+3	
 7.0517056E+7,	 1.7353157E+1,	 1.3158574E+3	
 7.0517136E+7,	 1.7403779E+1,	 1.3128383E+3	
 7.0517216E+7,	 1.7454401E+1,	 1.3135076E+3	
 7.0517296E+7,	 1.7505022E+1,	 1.3171080E+3	
 7.0517376E+7,	 1.7555644E+1,	 1.3205179E+3	
 7.0517456E+7,	 1.7606266E+1,	 1.3217539E+3	
 7.0517536E+7,	 1.7656888E+1,	 1.3200196E+3	
 7.0517616E+7,	 1.7707510E+1,	 1.3159990E+3	
 7.0517696E+7,	 1.7758131E+1,	 1.3127553E+3	
 7.0517776E+7,	 1.7808753E+1,	 1.3120323E+3	
 7.0517856E+7,	 1.7859375E+1,	 1.3127407E+3	
 7.0517936E+7,	 1.7909997E+1,	 1.3159844E+3	
 7.0518016E+7,	 1.7960619E+1,	 1.3202834E+3	
 7.0518096E+7,	 1.8011240E+1,	 1.3215194E+3	
 7.0518176E+7,	 1.8061862E+1,	 1.3183147E+3	
 7.0518256E+7,	 1.8112484E+1,	 1.3142892E+3	
 7.0518336E+7,	 1.8163106E+1,	 1.3133464E+3	
 7.0518416E+7,	 1.8213728E+1,	 1.3145970E+3	
 7.0518496E+7,	 1.8264349E+1,	 1.3184465E+3	
 7.0518576E+7,	 1.8314971E+1,	 1.3212702E+3	
 7.0518656E+7,	 1.8365593E+1,	 1.3191208E+3	
 7.0518736E+7,	 1.8416215E+1,	 1.3150367E+3	
 7.0518816E+7,	 1.8466837E+1,	 1.3129458E+3	
 7.0518896E+7,	 1.8517459E+1,	 1.3130533E+3	
 7.0518976E+7,	 1.8568080E+1,	 1.3156767E+3	
 7.0519056E+7,	 1.8618702E+1,	 1.3194724E+3	
 7.0519136E+7,	 1.8669324E+1,	 1.3204153E+3	
 7.0519216E+7,	 1.8719946E+1,	 1.3172203E+3	
 7.0519296E+7,	 1.8770568E+1,	 1.3138984E+3	
 7.0519376E+7,	 1.8821189E+1,	 1.3132780E+3	
 7.0519456E+7,	 1.8871811E+1,	 1.3150318E+3	
 7.0519536E+7,	 1.8922433E+1,	 1.3186225E+3	
 7.0519616E+7,	 1.8973055E+1,	 1.3210309E+3	
 7.0519696E+7,	 1.9023677E+1,	 1.3199316E+3	
 7.0519776E+7,	 1.9074298E+1,	 1.3174206E+3	
 7.0519856E+7,	 1.9124920E+1,	 1.3151979E+3	
 7.0519936E+7,	 1.9175542E+1,	 1.3136200E+3	
 7.0520016E+7,	 1.9226164E+1,	 1.3148364E+3	
 7.0520096E+7,	 1.9276786E+1,	 1.3180264E+3	
 7.0520176E+7,	 1.9327408E+1,	 1.3200001E+3	
 7.0520256E+7,	 1.9378029E+1,	 1.3190719E+3	
 7.0520336E+7,	 1.9428651E+1,	 1.3157988E+3	
 7.0520416E+7,	 1.9479273E+1,	 1.3145237E+3	
 7.0520496E+7,	 1.9529895E+1,	 1.3160430E+3	
 7.0520576E+7,	 1.9580517E+1,	 1.3190523E+3	
 7.0520656E+7,	 1.9631138E+1,	 1.3203957E+3	
 7.0520736E+7,	 1.9681760E+1,	 1.3180264E+3	
 7.0520816E+7,	 1.9732382E+1,	 1.3147241E+3	
 7.0520896E+7,	 1.9783004E+1,	 1.3135711E+3	
 7.0520976E+7,	 1.9833626E+1,	 1.3145335E+3	
 7.0521056E+7,	 1.9884247E+1,	 1.3172643E+3	
 7.0521136E+7,	 1.9934869E+1,	 1.3198096E+3	
 7.0521216E+7,	 1.9985491E+1,	 1.3187348E+3	
 7.0521296E+7,	 2.0036113E+1,	 1.3157450E+3	
 7.0521376E+7,	 2.0086735E+1,	 1.3140107E+3	
 7.0521456E+7,	 2.0137357E+1,	 1.3141623E+3	
 7.0521536E+7,	 2.0187978E+1,	 1.3164485E+3	
 7.0521616E+7,	 2.0238600E+1,	 1.3192037E+3	
 7.0521696E+7,	 2.0289222E+1,	 1.3200783E+3	
 7.0521776E+7,	 2.0339844E+1,	 1.3190817E+3	
 7.0521856E+7,	 2.0390466E+1,	 1.3171959E+3	
 7.0521936E+7,	 2.0441087E+1,	 1.3153151E+3	
 7.0522016E+7,	 2.0491709E+1,	 1.3141378E+3	
 7.0522096E+7,	 2.0542331E+1,	 1.3148168E+3	
 7.0522176E+7,	 2.0592953E+1,	 1.3176601E+3	
 7.0522256E+7,	 2.0643575E+1,	 1.3195995E+3	
 7.0522336E+7,	 2.0694196E+1,	 1.3186615E+3	
 7.0522416E+7,	 2.0744818E+1,	 1.3159307E+3	
 7.0522496E+7,	 2.0795440E+1,	 1.3144798E+3	
 7.0522576E+7,	 2.0846062E+1,	 1.3156376E+3	
 7.0522656E+7,	 2.0896684E+1,	 1.3184758E+3	
 7.0522736E+7,	 2.0947305E+1,	 1.3199121E+3	
 7.0522816E+7,	 2.0997927E+1,	 1.3184710E+3	
 7.0522896E+7,	 2.1048549E+1,	 1.3157694E+3	
 7.0522976E+7,	 2.1099171E+1,	 1.3142014E+3	
 7.0523056E+7,	 2.1149793E+1,	 1.3147094E+3	
 7.0523136E+7,	 2.1200415E+1,	 1.3166440E+3	
 7.0523216E+7,	 2.1251036E+1,	 1.3188910E+3	
 7.0523296E+7,	 2.1301658E+1,	 1.3186761E+3	
 7.0523376E+7,	 2.1352280E+1,	 1.3165804E+3	
 7.0523456E+7,	 2.1402902E+1,	 1.3146752E+3	
 7.0523536E+7,	 2.1453524E+1,	 1.3142501E+3	
 7.0523616E+7,	 2.1504145E+1,	 1.3158134E+3	
 7.0523696E+7,	 2.1554767E+1,	 1.3183196E+3	
 7.0523776E+7,	 2.1605389E+1,	 1.3198389E+3	
 7.0523856E+7,	 2.1656011E+1,	 1.3197607E+3	
 7.0523936E+7,	 2.1706633E+1,	 1.3182120E+3	
 7.0524016E+7,	 2.1757254E+1,	 1.3156669E+3	
 7.0524096E+7,	 2.1807876E+1,	 1.3140352E+3	
 7.0524176E+7,	 2.1858498E+1,	 1.3146899E+3	
 7.0524256E+7,	 2.1909120E+1,	 1.3176795E+3	
 7.0524336E+7,	 2.1959742E+1,	 1.3198583E+3	
 7.0524416E+7,	 2.2010364E+1,	 1.3185394E+3	
 7.0524496E+7,	 2.2060985E+1,	 1.3155398E+3	
 7.0524576E+7,	 2.2111607E+1,	 1.3141574E+3	
 7.0524656E+7,	 2.2162229E+1,	 1.3157108E+3	
 7.0524736E+7,	 2.2212851E+1,	 1.3188032E+3	
 7.0524816E+7,	 2.2263473E+1,	 1.3194431E+3	
 7.0524896E+7,	 2.2314094E+1,	 1.3173670E+3	
 7.0524976E+7,	 2.2364716E+1,	 1.3148804E+3	
 7.0525056E+7,	 2.2415338E+1,	 1.3136591E+3	
 7.0525136E+7,	 2.2465960E+1,	 1.3143479E+3	
 7.0525216E+7,	 2.2516582E+1,	 1.3173865E+3	
 7.0525296E+7,	 2.2567203E+1,	 1.3195751E+3	
 7.0525376E+7,	 2.2617825E+1,	 1.3186468E+3	
 7.0525456E+7,	 2.2668447E+1,	 1.3158721E+3	
 7.0525536E+7,	 2.2719069E+1,	 1.3140987E+3	
 7.0525616E+7,	 2.2769691E+1,	 1.3141867E+3	
 7.0525696E+7,	 2.2820312E+1,	 1.3164095E+3	
 7.0525776E+7,	 2.2870934E+1,	 1.3189644E+3	
 7.0525856E+7,	 2.2921556E+1,	 1.3203323E+3	
 7.0525936E+7,	 2.2972178E+1,	 1.3193845E+3	
 7.0526016E+7,	 2.3022800E+1,	 1.3169272E+3	
 7.0526096E+7,	 2.3073422E+1,	 1.3143821E+3	
 7.0526176E+7,	 2.3124043E+1,	 1.3134832E+3	
 7.0526256E+7,	 2.3174665E+1,	 1.3150758E+3	
 7.0526336E+7,	 2.3225287E+1,	 1.3183489E+3	
 7.0526416E+7,	 2.3275909E+1,	 1.3200587E+3	
 7.0526496E+7,	 2.3326531E+1,	 1.3177528E+3	
 7.0526576E+7,	 2.3377152E+1,	 1.3149635E+3	
 7.0526656E+7,	 2.3427774E+1,	 1.3143137E+3	
 7.0526736E+7,	 2.3478396E+1,	 1.3162482E+3	
 7.0526816E+7,	 2.3529018E+1,	 1.3189986E+3	
 7.0526896E+7,	 2.3579640E+1,	 1.3196971E+3	
 7.0526976E+7,	 2.3630261E+1,	 1.3174695E+3	
 7.0527056E+7,	 2.3680883E+1,	 1.3146703E+3	
 7.0527136E+7,	 2.3731505E+1,	 1.3132194E+3	
 7.0527216E+7,	 2.3782127E+1,	 1.3144652E+3	
 7.0527296E+7,	 2.3832749E+1,	 1.3178506E+3	
 7.0527376E+7,	 2.3883371E+1,	 1.3199023E+3	
 7.0527456E+7,	 2.3933992E+1,	 1.3185492E+3	
 7.0527536E+7,	 2.3984614E+1,	 1.3153445E+3	
 7.0527616E+7,	 2.4035236E+1,	 1.3135564E+3	
 7.0527696E+7,	 2.4085858E+1,	 1.3142941E+3	
 7.0527776E+7,	 2.4136480E+1,	 1.3165804E+3	
 7.0527856E+7,	 2.4187101E+1,	 1.3192770E+3	
 7.0527936E+7,	 2.4237723E+1,	 1.3206644E+3	
 7.0528016E+7,	 2.4288345E+1,	 1.3192526E+3	
 7.0528096E+7,	 2.4338967E+1,	 1.3166440E+3	
 7.0528176E+7,	 2.4389589E+1,	 1.3141623E+3	
 7.0528256E+7,	 2.4440210E+1,	 1.3134197E+3	
 7.0528336E+7,	 2.4490832E+1,	 1.3161993E+3	
 7.0528416E+7,	 2.4541454E+1,	 1.3196142E+3	
 7.0528496E+7,	 2.4592076E+1,	 1.3197753E+3	
 7.0528576E+7,	 2.4642698E+1,	 1.3162580E+3	
 7.0528656E+7,	 2.4693320E+1,	 1.3137665E+3	
 7.0528736E+7,	 2.4743941E+1,	 1.3149927E+3	
 7.0528816E+7,	 2.4794563E+1,	 1.3184661E+3	
 7.0528896E+7,	 2.4845185E+1,	 1.3200245E+3	
 7.0528976E+7,	 2.4895807E+1,	 1.3180118E+3	
 7.0529056E+7,	 2.4946429E+1,	 1.3147094E+3	
 7.0529136E+7,	 2.4997050E+1,	 1.3130679E+3	
 7.0529216E+7,	 2.5047672E+1,	 1.3139961E+3	
 7.0529296E+7,	 2.5098294E+1,	 1.3173230E+3	
 7.0529376E+7,	 2.5148916E+1,	 1.3202492E+3	
 7.0529456E+7,	 2.5199538E+1,	 1.3195604E+3	
 7.0529536E+7,	 2.5250159E+1,	 1.3160381E+3	
 7.0529616E+7,	 2.5300781E+1,	 1.3133513E+3	
 7.0529696E+7,	 2.5351403E+1,	 1.3131608E+3	
 7.0529776E+7,	 2.5402025E+1,	 1.3162189E+3	
 7.0529856E+7,	 2.5452647E+1,	 1.3196825E+3	
 7.0529936E+7,	 2.5503268E+1,	 1.3210064E+3	
 7.0530016E+7,	 2.5553890E+1,	 1.3201221E+3	
 7.0530096E+7,	 2.5604512E+1,	 1.3177284E+3	
 7.0530176E+7,	 2.5655134E+1,	 1.3148706E+3	
 7.0530256E+7,	 2.5705756E+1,	 1.3134246E+3	
 7.0530336E+7,	 2.5756378E+1,	 1.3151100E+3	
 7.0530416E+7,	 2.5806999E+1,	 1.3189204E+3	
 7.0530496E+7,	 2.5857621E+1,	 1.3208402E+3	
 7.0530576E+7,	 2.5908243E+1,	 1.3182609E+3	
 7.0530656E+7,	 2.5958865E+1,	 1.3149927E+3	
 7.0530736E+7,	 2.6009487E+1,	 1.3138105E+3	
 7.0530816E+7,	 2.6060108E+1,	 1.3166097E+3	
 7.0530896E+7,	 2.6110730E+1,	 1.3202492E+3	
 7.0530976E+7,	 2.6161352E+1,	 1.3210260E+3	
 7.0531056E+7,	 2.6211974E+1,	 1.3179384E+3	
 7.0531136E+7,	 2.6262596E+1,	 1.3141525E+3	
 7.0531216E+7,	 2.6313217E+1,	 1.3128921E+3	
 7.0531296E+7,	 2.6363839E+1,	 1.3143479E+3	
 7.0531376E+7,	 2.6414461E+1,	 1.3186176E+3	
 7.0531456E+7,	 2.6465083E+1,	 1.3207817E+3	
 7.0531536E+7,	 2.6515705E+1,	 1.3182414E+3	
 7.0531616E+7,	 2.6566327E+1,	 1.3145823E+3	
 7.0531696E+7,	 2.6616948E+1,	 1.3131803E+3	
 7.0531776E+7,	 2.6667570E+1,	 1.3149341E+3	
 7.0531856E+7,	 2.6718192E+1,	 1.3183782E+3	
 7.0531936E+7,	 2.6768814E+1,	 1.3208354E+3	
 7.0532016E+7,	 2.6819436E+1,	 1.3211725E+3	
 7.0532096E+7,	 2.6870057E+1,	 1.3193161E+3	
 7.0532176E+7,	 2.6920679E+1,	 1.3165218E+3	
 7.0532256E+7,	 2.6971301E+1,	 1.3139278E+3	
 7.0532336E+7,	 2.7021923E+1,	 1.3137958E+3	
 7.0532416E+7,	 2.7072545E+1,	 1.3171471E+3	
 7.0532496E+7,	 2.7123166E+1,	 1.3203421E+3	
 7.0532576E+7,	 2.7173788E+1,	 1.3198340E+3	
 7.0532656E+7,	 2.7224410E+1,	 1.3159502E+3	
 7.0532736E+7,	 2.7275032E+1,	 1.3135418E+3	
 7.0532816E+7,	 2.7325654E+1,	 1.3150562E+3	
 7.0532896E+7,	 2.7376276E+1,	 1.3189253E+3	
 7.0532976E+7,	 2.7426897E+1,	 1.3204495E+3	
 7.0533056E+7,	 2.7477519E+1,	 1.3180851E+3	
 7.0533136E+7,	 2.7528141E+1,	 1.3143479E+3	
 7.0533219E+7,	 2.7578763E+1,	 1.3127894E+3	
 7.0533299E+7,	 2.7629385E+1,	 1.3138105E+3	
 7.0533379E+7,	 2.7680006E+1,	 1.3174597E+3	
 7.0533459E+7,	 2.7730628E+1,	 1.3206155E+3	
 7.0533539E+7,	 2.7781250E+1,	 1.3192526E+3	
 7.0533619E+7,	 2.7831872E+1,	 1.3154569E+3	
 7.0533699E+7,	 2.7882494E+1,	 1.3131070E+3	
 7.0533779E+7,	 2.7933115E+1,	 1.3129019E+3	
 7.0533859E+7,	 2.7983737E+1,	 1.3153689E+3	
 7.0533939E+7,	 2.8034359E+1,	 1.3192770E+3	
 7.0534019E+7,	 2.8084981E+1,	 1.3211334E+3	
 7.0534099E+7,	 2.8135603E+1,	 1.3205619E+3	
 7.0534179E+7,	 2.8186224E+1,	 1.3178701E+3	
 7.0534259E+7,	 2.8236846E+1,	 1.3147973E+3	
 7.0534339E+7,	 2.8287468E+1,	 1.3131266E+3	
 7.0534419E+7,	 2.8338090E+1,	 1.3135028E+3	
 7.0534499E+7,	 2.8388712E+1,	 1.3166537E+3	
 7.0534579E+7,	 2.8439334E+1,	 1.3202345E+3	
 7.0534659E+7,	 2.8489955E+1,	 1.3205668E+3	
 7.0534739E+7,	 2.8540577E+1,	 1.3174109E+3	
 7.0534819E+7,	 2.8591199E+1,	 1.3144505E+3	
 7.0534899E+7,	 2.8641821E+1,	 1.3139669E+3	
 7.0534979E+7,	 2.8692443E+1,	 1.3163850E+3	
 7.0535059E+7,	 2.8743064E+1,	 1.3198242E+3	
 7.0535139E+7,	 2.8793686E+1,	 1.3210651E+3	
 7.0535219E+7,	 2.8844308E+1,	 1.3183293E+3	
 7.0535299E+7,	 2.8894930E+1,	 1.3149195E+3	
 7.0535379E+7,	 2.8945552E+1,	 1.3132439E+3	
 7.0535459E+7,	 2.8996173E+1,	 1.3142258E+3	
 7.0535539E+7,	 2.9046795E+1,	 1.3183538E+3	
 7.0535619E+7,	 2.9097417E+1,	 1.3212556E+3	
 7.0535699E+7,	 2.9148039E+1,	 1.3200636E+3	
 7.0535779E+7,	 2.9198661E+1,	 1.3169224E+3	
 7.0535859E+7,	 2.9249283E+1,	 1.3141183E+3	
 7.0535939E+7,	 2.9299904E+1,	 1.3132780E+3	
 7.0536019E+7,	 2.9350526E+1,	 1.3144798E+3	
 7.0536099E+7,	 2.9401148E+1,	 1.3176405E+3	
 7.0536179E+7,	 2.9451770E+1,	 1.3206009E+3	
 7.0536259E+7,	 2.9502392E+1,	 1.3214021E+3	
 7.0536339E+7,	 2.9553013E+1,	 1.3207084E+3	
 7.0536419E+7,	 2.9603635E+1,	 1.3180118E+3	
 7.0536499E+7,	 2.9654257E+1,	 1.3144212E+3	
 7.0536579E+7,	 2.9704879E+1,	 1.3146166E+3	
 7.0536659E+7,	 2.9755501E+1,	 1.3180606E+3	
 7.0536739E+7,	 2.9806122E+1,	 1.3206937E+3	
 7.0536819E+7,	 2.9856744E+1,	 1.3195262E+3	
 7.0536899E+7,	 2.9907366E+1,	 1.3163313E+3	
 7.0536979E+7,	 2.9957988E+1,	 1.3137763E+3	
 7.0537059E+7,	 3.0008610E+1,	 1.3141720E+3	
 7.0537139E+7,	 3.0059232E+1,	 1.3176112E+3	
 7.0537219E+7,	 3.0109853E+1,	 1.3205668E+3	
 7.0537299E+7,	 3.0160475E+1,	 1.3208402E+3	
 7.0537379E+7,	 3.0211097E+1,	 1.3190768E+3	
 7.0537459E+7,	 3.0261719E+1,	 1.3156523E+3	
 7.0537539E+7,	 3.0312341E+1,	 1.3138349E+3	
 7.0537619E+7,	 3.0362962E+1,	 1.3165120E+3	
 7.0537699E+7,	 3.0413584E+1,	 1.3200880E+3	
 7.0537779E+7,	 3.0464206E+1,	 1.3209136E+3	
 7.0537859E+7,	 3.0514828E+1,	 1.3195018E+3	
 7.0537939E+7,	 3.0565450E+1,	 1.3166586E+3	
 7.0538019E+7,	 3.0616071E+1,	 1.3140156E+3	
 7.0538099E+7,	 3.0666693E+1,	 1.3137177E+3	
 7.0538179E+7,	 3.0717315E+1,	 1.3158427E+3	
 7.0538259E+7,	 3.0767937E+1,	 1.3188910E+3	
