Temps___(ms):, Pos.cal.(ï¿½m):, Tension_(mV):
 8.0546050E+7, -1.0306601E+1, 1.0600879E+3
 8.0546130E+7, -1.0296476E+1, 1.1968734E+3
 8.0546210E+7, -1.0286352E+1, 1.1968734E+3
 8.0546290E+7, -1.0276228E+1, 1.1700048E+3
 8.0546370E+7, -1.0266103E+1, 1.1504641E+3
 8.0546450E+7, -1.0255979E+1, 1.1455789E+3
 8.0546530E+7, -1.0245855E+1, 1.1016121E+3
 8.0546610E+7, -1.0235730E+1, 1.1284807E+3
 8.0546690E+7, -1.0225606E+1, 1.0698583E+3
 8.0546770E+7, -1.0215482E+1, 1.0503175E+3
 8.0546850E+7, -1.0205357E+1, 1.0136786E+3
 8.0546930E+7, -1.0195233E+1, 9.4528580E+2
 8.0547010E+7, -1.0185108E+1, 9.1841722E+2
 8.0547090E+7, -1.0174984E+1, 8.3536881E+2
 8.0547170E+7, -1.0164860E+1, 7.9872984E+2
 8.0547250E+7, -1.0154735E+1, 7.2545189E+2
 8.0547625E+7, -1.0144611E+1, 6.6927212E+2
 8.0547714E+7, -1.0134487E+1, 5.5691254E+2
 8.0547794E+7, -1.0124362E+1, 5.7401073E+2
 8.0547874E+7, -1.0114238E+1, 4.8851979E+2
 8.0547954E+7, -1.0104114E+1, 4.4455302E+2
 8.0548034E+7, -1.0093989E+1, 4.4699562E+2
 8.0548114E+7, -1.0083865E+1, 3.6394724E+2
 8.0548194E+7, -1.0073740E+1, 3.3707866E+2
 8.0548274E+7, -1.0063616E+1, 3.1753787E+2
 8.0548354E+7, -1.0053492E+1, 2.8822666E+2
 8.0548434E+7, -1.0043367E+1, 2.8089887E+2
 8.0548514E+7, -1.0033243E+1, 2.4670249E+2
 8.0548594E+7, -1.0023119E+1, 2.6868588E+2
 8.0548674E+7, -1.0012994E+1, 2.4670249E+2
 8.0548754E+7, -1.0002870E+1, 2.6135808E+2
 8.0548834E+7, -9.9927455E+0, 2.9066926E+2
 8.0548914E+7, -9.9826212E+0, 3.0043966E+2
 8.0548994E+7, -9.9724968E+0, 4.0302882E+2
 8.0549074E+7, -9.9623724E+0, 4.3722519E+2
 8.0549154E+7, -9.9522481E+0, 4.9584758E+2
 8.0549234E+7, -9.9421237E+0, 5.8133852E+2
 8.0549314E+7, -9.9319994E+0, 6.4240354E+2
 8.0549394E+7, -9.9218750E+0, 7.8651685E+2
 8.0549474E+7, -9.9117506E+0, 8.9399123E+2
 8.0549554E+7, -9.9016263E+0, 9.9658036E+2
 8.0549634E+7, -9.8915019E+0, 1.0723009E+3
 8.0549714E+7, -9.8813776E+0, 1.1260381E+3
 8.0549794E+7, -9.8712532E+0, 1.2237420E+3
 8.0549874E+7, -9.8611288E+0, 1.2652663E+3
 8.0549954E+7, -9.8510045E+0, 1.2799219E+3
 8.0550034E+7, -9.8408801E+0, 1.2774793E+3
 8.0550114E+7, -9.8307557E+0, 1.2115290E+3
 8.0550194E+7, -9.8206314E+0, 1.1895456E+3
 8.0550274E+7, -9.8105070E+0, 1.1529067E+3
 8.0550354E+7, -9.8003827E+0, 1.0478749E+3
 8.0550434E+7, -9.7902583E+0, 9.9169517E+2
 8.0550514E+7, -9.7801339E+0, 8.3536881E+2
 8.0550594E+7, -9.7700096E+0, 7.7674645E+2
 8.0550674E+7, -9.7598852E+0, 6.4240354E+2
 8.0550754E+7, -9.7497608E+0, 5.2271616E+2
 8.0550834E+7, -9.7396365E+0, 4.7142160E+2
 8.0550914E+7, -9.7295121E+0, 3.6150464E+2
 8.0550994E+7, -9.7193878E+0, 3.3952126E+2
 8.0551074E+7, -9.7092634E+0, 2.9799706E+2
 8.0551154E+7, -9.6991390E+0, 2.5158769E+2
 8.0551234E+7, -9.6890147E+0, 2.7357107E+2
 8.0551314E+7, -9.6788903E+0, 2.6624328E+2
 8.0551394E+7, -9.6687659E+0, 3.1509528E+2
 8.0551474E+7, -9.6586416E+0, 3.6394724E+2
 8.0551554E+7, -9.6485172E+0, 4.6165121E+2
 8.0551634E+7, -9.6383929E+0, 5.2271616E+2
 8.0551714E+7, -9.6282685E+0, 5.7645333E+2
 8.0551794E+7, -9.6181441E+0, 7.2056669E+2
 8.0551874E+7, -9.6080198E+0, 8.0850023E+2
 8.0551954E+7, -9.5978954E+0, 9.2330241E+2
 8.0552034E+7, -9.5877710E+0, 9.7459698E+2
 8.0552114E+7, -9.5776467E+0, 1.0381045E+3
 8.0552194E+7, -9.5675223E+0, 1.1675622E+3
 8.0552274E+7, -9.5573980E+0, 1.2017586E+3
 8.0552354E+7, -9.5472736E+0, 1.2408402E+3
 8.0552434E+7, -9.5371492E+0, 1.2921349E+3
 8.0552514E+7, -9.5270249E+0, 1.2652663E+3
 8.0552594E+7, -9.5169005E+0, 1.2579385E+3
 8.0552674E+7, -9.5067761E+0, 1.1822178E+3
 8.0552754E+7, -9.4966518E+0, 1.1040547E+3
 8.0552834E+7, -9.4865274E+0, 1.0283341E+3
 8.0552914E+7, -9.4764031E+0, 9.0620422E+2
 8.0552994E+7, -9.4662787E+0, 8.4269661E+2
 8.0553074E+7, -9.4561543E+0, 7.4987787E+2
 8.0553154E+7, -9.4460300E+0, 6.4973134E+2
 8.0553234E+7, -9.4359056E+0, 6.1797750E+2
 8.0553314E+7, -9.4257812E+0, 4.7142160E+2
 8.0553394E+7, -9.4156569E+0, 4.4455302E+2
 8.0553474E+7, -9.4055325E+0, 3.6394724E+2
 8.0553554E+7, -9.3954082E+0, 3.1753787E+2
 8.0553634E+7, -9.3852838E+0, 3.0532485E+2
 8.0553714E+7, -9.3751594E+0, 2.5158769E+2
 8.0553794E+7, -9.3650351E+0, 2.6380068E+2
 8.0553874E+7, -9.3549107E+0, 2.4914509E+2
 8.0553954E+7, -9.3447864E+0, 2.4670249E+2
 8.0554034E+7, -9.3346620E+0, 2.6868588E+2
 8.0554114E+7, -9.3245376E+0, 3.3219346E+2
 8.0554194E+7, -9.3144133E+0, 3.7371764E+2
 8.0554274E+7, -9.3042889E+0, 4.1768441E+2
 8.0554354E+7, -9.2941645E+0, 4.6409380E+2
 8.0554434E+7, -9.2840402E+0, 5.4958475E+2
 8.0554514E+7, -9.2739158E+0, 6.2286270E+2
 8.0554594E+7, -9.2637915E+0, 7.6941866E+2
 8.0554674E+7, -9.2536671E+0, 8.5002440E+2
 8.0554754E+7, -9.2435427E+0, 9.7948217E+2
 8.0554834E+7, -9.2334184E+0, 1.0796287E+3
 8.0554914E+7, -9.2232940E+0, 1.1260381E+3
 8.0554994E+7, -9.2131696E+0, 1.2164142E+3
 8.0555074E+7, -9.2030453E+0, 1.2261846E+3
 8.0555154E+7, -9.1929209E+0, 1.1846604E+3
 8.0555234E+7, -9.1827966E+0, 1.1700048E+3
 8.0555314E+7, -9.1726722E+0, 1.1064973E+3
 8.0555394E+7, -9.1625478E+0, 1.1089399E+3
 8.0555474E+7, -9.1524235E+0, 1.0234489E+3
 8.0555554E+7, -9.1422991E+0, 9.4528580E+2
 8.0555634E+7, -9.1321747E+0, 8.7445039E+2
 8.0555714E+7, -9.1220504E+0, 7.8895944E+2
 8.0555794E+7, -9.1119260E+0, 7.1568149E+2
 8.0555874E+7, -9.1018017E+0, 6.0576451E+2
 8.0555954E+7, -9.0916773E+0, 4.8363459E+2
 8.0556034E+7, -9.0815529E+0, 5.0073278E+2
 8.0556114E+7, -9.0714286E+0, 3.6150464E+2
 8.0556194E+7, -9.0613042E+0, 3.7371764E+2
 8.0556274E+7, -9.0511798E+0, 2.8578407E+2
 8.0556354E+7, -9.0410555E+0, 2.6624328E+2
 8.0556434E+7, -9.0309311E+0, 2.5891548E+2
 8.0556514E+7, -9.0208068E+0, 2.3693210E+2
 8.0556594E+7, -9.0106824E+0, 2.6380068E+2
 8.0556674E+7, -9.0005580E+0, 2.5891548E+2
 8.0556754E+7, -8.9904337E+0, 2.9799706E+2
 8.0556834E+7, -8.9803093E+0, 3.4684905E+2
 8.0556914E+7, -8.9701849E+0, 3.8348803E+2
 8.0556994E+7, -8.9600606E+0, 4.5188081E+2
 8.0557074E+7, -8.9499362E+0, 5.2515876E+2
 8.0557154E+7, -8.9398119E+0, 5.9355152E+2
 8.0557234E+7, -8.9296875E+0, 6.4728874E+2
 8.0557314E+7, -8.9195631E+0, 6.8392771E+2
 8.0557394E+7, -8.9094388E+0, 7.9628724E+2
 8.0557474E+7, -8.8993144E+0, 9.4772840E+2
 8.0557554E+7, -8.8891901E+0, 9.9413776E+2
 8.0557634E+7, -8.8790657E+0, 1.0674157E+3
 8.0557714E+7, -8.8689413E+0, 1.1260381E+3
 8.0557794E+7, -8.8588170E+0, 1.1846604E+3
 8.0557874E+7, -8.8486926E+0, 1.2042012E+3
 8.0557954E+7, -8.8385682E+0, 1.2408402E+3
 8.0558034E+7, -8.8284439E+0, 1.2652663E+3
 8.0558114E+7, -8.8183195E+0, 1.2554959E+3
 8.0558194E+7, -8.8081952E+0, 1.2872497E+3
 8.0558274E+7, -8.7980708E+0, 1.2701515E+3
 8.0558354E+7, -8.7879464E+0, 1.2408402E+3
 8.0558434E+7, -8.7778221E+0, 1.2188568E+3
 8.0558514E+7, -8.7676977E+0, 1.1529067E+3
 8.0558594E+7, -8.7575733E+0, 1.1480215E+3
 8.0558674E+7, -8.7474490E+0, 1.0723009E+3
 8.0558754E+7, -8.7373246E+0, 1.0307767E+3
 8.0558834E+7, -8.7272003E+0, 9.7215438E+2
 8.0558914E+7, -8.7170759E+0, 8.8910604E+2
 8.0558994E+7, -8.7069515E+0, 8.5979480E+2
 8.0559074E+7, -8.6968272E+0, 7.6209086E+2
 8.0559154E+7, -8.6867028E+0, 6.5217394E+2
 8.0559234E+7, -8.6765784E+0, 5.2027357E+2
 8.0559314E+7, -8.6664541E+0, 4.1035661E+2
 8.0559394E+7, -8.6563297E+0, 3.9325842E+2
 8.0559474E+7, -8.6462054E+0, 3.2486567E+2
 8.0559554E+7, -8.6360810E+0, 2.8822666E+2
 8.0559634E+7, -8.6259566E+0, 2.6135808E+2
 8.0559714E+7, -8.6158323E+0, 2.3204690E+2
 8.0559794E+7, -8.6057079E+0, 2.7845627E+2
 8.0559874E+7, -8.5955835E+0, 2.9066926E+2
 8.0559954E+7, -8.5854592E+0, 3.6638984E+2
 8.0560034E+7, -8.5753348E+0, 4.5432341E+2
 8.0560114E+7, -8.5652105E+0, 5.0561798E+2
 8.0560194E+7, -8.5550861E+0, 7.7674645E+2
 8.0560274E+7, -8.5449617E+0, 8.7689304E+2
 8.0560354E+7, -8.5348374E+0, 1.0014656E+3
 8.0560434E+7, -8.5247130E+0, 1.0991695E+3
 8.0560514E+7, -8.5145886E+0, 1.1162677E+3
 8.0560594E+7, -8.5044643E+0, 1.2139716E+3
 8.0560674E+7, -8.4943399E+0, 1.2261846E+3
 8.0560754E+7, -8.4842156E+0, 1.2799219E+3
 8.0560834E+7, -8.4740912E+0, 1.2872497E+3
 8.0560914E+7, -8.4639668E+0, 1.2554959E+3
 8.0560994E+7, -8.4538425E+0, 1.2335124E+3
 8.0561074E+7, -8.4437181E+0, 1.1382511E+3
 8.0561154E+7, -8.4335937E+0, 1.0576453E+3
 8.0561234E+7, -8.4234694E+0, 9.4284320E+2
 8.0561314E+7, -8.4133450E+0, 8.7200779E+2
 8.0561394E+7, -8.4032207E+0, 6.2774795E+2
 8.0561474E+7, -8.3930963E+0, 5.7645333E+2
 8.0561554E+7, -8.3829719E+0, 5.0317538E+2
 8.0561634E+7, -8.3728476E+0, 4.3478259E+2
 8.0561714E+7, -8.3627232E+0, 3.4684905E+2
 8.0561794E+7, -8.3525989E+0, 3.0532485E+2
 8.0561874E+7, -8.3424745E+0, 2.5403029E+2
 8.0561954E+7, -8.3323501E+0, 2.5158769E+2
 8.0562034E+7, -8.3222258E+0, 2.7601367E+2
 8.0562114E+7, -8.3121014E+0, 2.8089887E+2
 8.0562194E+7, -8.3019770E+0, 3.4196386E+2
 8.0562274E+7, -8.2918527E+0, 3.4929165E+2
 8.0562354E+7, -8.2817283E+0, 3.9325842E+2
 8.0562434E+7, -8.2716040E+0, 4.8851979E+2
 8.0562514E+7, -8.2614796E+0, 5.8866632E+2
 8.0562594E+7, -8.2513552E+0, 8.4025401E+2
 8.0562674E+7, -8.2412309E+0, 9.5505619E+2
 8.0562754E+7, -8.2311065E+0, 1.0820713E+3
 8.0562834E+7, -8.2209821E+0, 1.1675622E+3
 8.0562914E+7, -8.2108578E+0, 1.1968734E+3
 8.0562994E+7, -8.2007334E+0, 1.2506107E+3
 8.0563074E+7, -8.1906091E+0, 1.2383976E+3
 8.0563154E+7, -8.1804847E+0, 1.2335124E+3
 8.0563234E+7, -8.1703603E+0, 1.2139716E+3
 8.0563314E+7, -8.1602360E+0, 1.1626770E+3
 8.0563394E+7, -8.1501116E+0, 1.1504641E+3
 8.0563474E+7, -8.1399872E+0, 1.0723009E+3
 8.0563554E+7, -8.1298629E+0, 9.9902296E+2
 8.0563634E+7, -8.1197385E+0, 9.3551540E+2
 8.0563714E+7, -8.1096142E+0, 8.4513921E+2
 8.0563794E+7, -8.0994898E+0, 8.0850023E+2
 8.0563874E+7, -8.0893654E+0, 7.0102590E+2
 8.0563954E+7, -8.0792411E+0, 6.4728874E+2
 8.0564034E+7, -8.0691167E+0, 5.7645333E+2
 8.0564114E+7, -8.0589923E+0, 4.8119199E+2
 8.0564196E+7, -8.0488680E+0, 4.4455302E+2
 8.0564276E+7, -8.0387436E+0, 4.1279921E+2
 8.0564356E+7, -8.0286193E+0, 3.0532485E+2
 8.0564437E+7, -8.0184949E+0, 2.8578407E+2
 8.0564517E+7, -8.0083705E+0, 2.5158769E+2
 8.0564597E+7, -7.9982462E+0, 2.3937470E+2
 8.0564677E+7, -7.9881218E+0, 2.6135808E+2
 8.0564757E+7, -7.9779974E+0, 2.7601367E+2
 8.0564837E+7, -7.9678731E+0, 3.7371764E+2
 8.0564917E+7, -7.9577487E+0, 4.4943821E+2
 8.0564997E+7, -7.9476244E+0, 5.3737175E+2
 8.0565077E+7, -7.9375000E+0, 6.7659992E+2
 8.0565157E+7, -7.9273756E+0, 7.7430385E+2
 8.0565237E+7, -7.9172513E+0, 9.1108942E+2
 8.0565317E+7, -7.9071269E+0, 1.0576453E+3
 8.0565397E+7, -7.8970026E+0, 1.1016121E+3
 8.0565477E+7, -7.8868782E+0, 1.1773326E+3
 8.0565557E+7, -7.8767538E+0, 1.1773326E+3
 8.0565637E+7, -7.8666295E+0, 1.2139716E+3
 8.0565717E+7, -7.8565051E+0, 1.2164142E+3
 8.0565797E+7, -7.8463807E+0, 1.2042012E+3
 8.0565877E+7, -7.8362564E+0, 1.2066438E+3
 8.0565957E+7, -7.8261320E+0, 1.1651196E+3
 8.0566037E+7, -7.8160077E+0, 1.1455789E+3
 8.0566117E+7, -7.8058833E+0, 1.0869565E+3
 8.0566197E+7, -7.7957589E+0, 1.0039082E+3
 8.0566277E+7, -7.7856346E+0, 9.7459698E+2
 8.0566357E+7, -7.7755102E+0, 8.7445039E+2
 8.0566437E+7, -7.7653858E+0, 8.3536881E+2
 8.0566517E+7, -7.7552615E+0, 7.1568149E+2
 8.0566597E+7, -7.7451371E+0, 6.7659992E+2
 8.0566677E+7, -7.7350128E+0, 5.9355152E+2
 8.0566757E+7, -7.7248884E+0, 5.2760136E+2
 8.0566837E+7, -7.7147640E+0, 4.5432341E+2
 8.0566917E+7, -7.7046397E+0, 3.7127504E+2
 8.0566997E+7, -7.6945153E+0, 3.1021005E+2
 8.0567077E+7, -7.6843909E+0, 3.0776745E+2
 8.0567157E+7, -7.6742666E+0, 2.5403029E+2
 8.0567237E+7, -7.6641422E+0, 2.5647289E+2
 8.0567317E+7, -7.6540179E+0, 2.5403029E+2
 8.0567397E+7, -7.6438935E+0, 2.4181730E+2
 8.0567477E+7, -7.6337691E+0, 2.8334147E+2
 8.0567557E+7, -7.6236448E+0, 2.9799706E+2
 8.0567637E+7, -7.6135204E+0, 3.5906205E+2
 8.0567717E+7, -7.6033960E+0, 4.5676601E+2
 8.0567797E+7, -7.5932717E+0, 5.1538837E+2
 8.0567877E+7, -7.5831473E+0, 5.9599411E+2
 8.0567957E+7, -7.5730230E+0, 6.6438693E+2
 8.0568037E+7, -7.5628986E+0, 7.4987787E+2
 8.0568117E+7, -7.5527742E+0, 8.3292621E+2
 8.0568197E+7, -7.5426499E+0, 8.8666344E+2
 8.0568277E+7, -7.5325255E+0, 9.8192477E+2
 8.0568357E+7, -7.5224011E+0, 1.0258915E+3
 8.0568437E+7, -7.5122768E+0, 1.0845139E+3
 8.0568517E+7, -7.5021524E+0, 1.1260381E+3
 8.0568597E+7, -7.4920281E+0, 1.1529067E+3
 8.0568677E+7, -7.4819037E+0, 1.2139716E+3
 8.0568757E+7, -7.4717793E+0, 1.2164142E+3
 8.0568837E+7, -7.4616550E+0, 1.2603811E+3
 8.0568917E+7, -7.4515306E+0, 1.2628237E+3
 8.0568997E+7, -7.4414062E+0, 1.2457254E+3
 8.0569077E+7, -7.4312819E+0, 1.2652663E+3
 8.0569157E+7, -7.4211575E+0, 1.2237420E+3
 8.0569237E+7, -7.4110332E+0, 1.2066438E+3
 8.0569317E+7, -7.4009088E+0, 1.1626770E+3
 8.0569397E+7, -7.3907844E+0, 1.0771861E+3
 8.0569477E+7, -7.3806601E+0, 9.5261359E+2
 8.0569557E+7, -7.3705357E+0, 8.9643383E+2
 8.0569637E+7, -7.3604114E+0, 8.3048362E+2
 8.0569717E+7, -7.3502870E+0, 7.4499267E+2
 8.0569797E+7, -7.3401626E+0, 6.5461653E+2
 8.0569877E+7, -7.3300383E+0, 5.9843671E+2
 8.0569957E+7, -7.3199139E+0, 4.8607719E+2
 8.0570037E+7, -7.3097895E+0, 4.2501220E+2
 8.0570117E+7, -7.2996652E+0, 3.4929165E+2
 8.0570197E+7, -7.2895408E+0, 2.8089887E+2
 8.0570277E+7, -7.2794165E+0, 2.6868588E+2
 8.0570357E+7, -7.2692921E+0, 2.4181730E+2
 8.0570437E+7, -7.2591677E+0, 3.3707866E+2
 8.0570517E+7, -7.2490434E+0, 3.7616023E+2
 8.0570597E+7, -7.2389190E+0, 4.6165121E+2
 8.0570677E+7, -7.2287946E+0, 5.6424034E+2
 8.0570757E+7, -7.2186703E+0, 5.7401073E+2
 8.0570837E+7, -7.2085459E+0, 7.0835370E+2
 8.0570917E+7, -7.1984216E+0, 7.8651685E+2
 8.0570997E+7, -7.1882972E+0, 9.0864682E+2
 8.0571077E+7, -7.1781728E+0, 9.9902296E+2
 8.0571157E+7, -7.1680485E+0, 1.0796287E+3
 8.0571237E+7, -7.1579241E+0, 1.1724474E+3
 8.0571317E+7, -7.1477997E+0, 1.2335124E+3
 8.0571397E+7, -7.1376754E+0, 1.2408402E+3
 8.0571477E+7, -7.1275510E+0, 1.2725941E+3
 8.0571557E+7, -7.1174267E+0, 1.2408402E+3
 8.0571637E+7, -7.1073023E+0, 1.1235955E+3
 8.0571717E+7, -7.0971779E+0, 1.1162677E+3
 8.0571797E+7, -7.0870536E+0, 1.0576453E+3
 8.0571877E+7, -7.0769292E+0, 1.0405471E+3
 8.0571957E+7, -7.0668048E+0, 9.3307281E+2
 8.0572037E+7, -7.0566805E+0, 8.0117244E+2
 8.0572117E+7, -7.0465561E+0, 6.5217394E+2
 8.0572197E+7, -7.0364318E+0, 5.5935514E+2
 8.0572277E+7, -7.0263074E+0, 4.8607719E+2
 8.0572357E+7, -7.0161830E+0, 3.8837323E+2
 8.0572437E+7, -7.0060587E+0, 3.2486567E+2
 8.0572517E+7, -6.9959343E+0, 2.9311186E+2
 8.0572597E+7, -6.9858099E+0, 2.4670249E+2
 8.0572677E+7, -6.9756856E+0, 2.5647289E+2
 8.0572757E+7, -6.9655612E+0, 2.3937470E+2
 8.0572837E+7, -6.9554369E+0, 3.0532485E+2
 8.0572917E+7, -6.9453125E+0, 3.6883244E+2
 8.0572997E+7, -6.9351881E+0, 4.1279921E+2
 8.0573077E+7, -6.9250638E+0, 5.3248656E+2
 8.0573157E+7, -6.9149394E+0, 6.0332191E+2
 8.0573237E+7, -6.9048151E+0, 7.0591110E+2
 8.0573317E+7, -6.8946907E+0, 8.1582803E+2
 8.0573397E+7, -6.8845663E+0, 8.9887643E+2
 8.0573477E+7, -6.8744420E+0, 1.0185637E+3
 8.0573557E+7, -6.8643176E+0, 1.0747435E+3
 8.0573637E+7, -6.8541932E+0, 1.1431363E+3
 8.0573717E+7, -6.8440689E+0, 1.1700048E+3
 8.0573797E+7, -6.8339445E+0, 1.1846604E+3
 8.0573877E+7, -6.8238202E+0, 1.2188568E+3
 8.0573957E+7, -6.8136958E+0, 1.1993160E+3
 8.0574037E+7, -6.8035714E+0, 1.1822178E+3
 8.0574117E+7, -6.7934471E+0, 1.1724474E+3
 8.0574197E+7, -6.7833227E+0, 1.1235955E+3
 8.0574277E+7, -6.7731983E+0, 1.1064973E+3
 8.0574357E+7, -6.7630740E+0, 1.0600879E+3
 8.0574437E+7, -6.7529496E+0, 1.0112360E+3
 8.0574517E+7, -6.7428253E+0, 9.5749879E+2
 8.0574597E+7, -6.7327009E+0, 8.1582803E+2
 8.0574677E+7, -6.7225765E+0, 7.5476307E+2
 8.0574757E+7, -6.7124522E+0, 6.6438693E+2
 8.0574837E+7, -6.7023278E+0, 5.6668293E+2
 8.0574917E+7, -6.6922034E+0, 4.8851979E+2
 8.0574997E+7, -6.6820791E+0, 3.6883244E+2
 8.0575077E+7, -6.6719547E+0, 3.2242307E+2
 8.0575157E+7, -6.6618304E+0, 2.6624328E+2
 8.0575237E+7, -6.6517060E+0, 2.3693210E+2
 8.0575317E+7, -6.6415816E+0, 2.6380068E+2
 8.0575397E+7, -6.6314573E+0, 2.7112848E+2
 8.0575477E+7, -6.6213329E+0, 3.6150464E+2
 8.0575557E+7, -6.6112085E+0, 4.8607719E+2
 8.0575637E+7, -6.6010842E+0, 5.6668293E+2
 8.0575717E+7, -6.5909598E+0, 6.8881291E+2
 8.0575797E+7, -6.5808355E+0, 7.6453346E+2
 8.0575877E+7, -6.5707111E+0, 8.0117244E+2
 8.0575957E+7, -6.5605867E+0, 9.1108942E+2
 8.0576037E+7, -6.5504624E+0, 9.6971178E+2
 8.0576117E+7, -6.5403380E+0, 1.0527601E+3
 8.0576197E+7, -6.5302136E+0, 1.0918417E+3
 8.0576277E+7, -6.5200893E+0, 1.1724474E+3
 8.0576357E+7, -6.5099649E+0, 1.2188568E+3
 8.0576437E+7, -6.4998406E+0, 1.2335124E+3
 8.0576517E+7, -6.4897162E+0, 1.2554959E+3
 8.0576597E+7, -6.4795918E+0, 1.2310698E+3
 8.0576677E+7, -6.4694675E+0, 1.2457254E+3
 8.0576757E+7, -6.4593431E+0, 1.1895456E+3
 8.0576837E+7, -6.4492187E+0, 1.1675622E+3
 8.0576917E+7, -6.4390944E+0, 1.1284807E+3
 8.0576997E+7, -6.4289700E+0, 1.0796287E+3
 8.0577077E+7, -6.4188457E+0, 1.0112360E+3
 8.0577157E+7, -6.4087213E+0, 9.2574501E+2
 8.0577237E+7, -6.3985969E+0, 8.2804102E+2
 8.0577317E+7, -6.3884726E+0, 7.8651685E+2
 8.0577398E+7, -6.3783482E+0, 6.6682953E+2
 8.0577478E+7, -6.3682239E+0, 6.0820711E+2
 8.0577558E+7, -6.3580995E+0, 5.3492916E+2
 8.0577638E+7, -6.3479751E+0, 4.9340498E+2
 8.0577718E+7, -6.3378508E+0, 4.8363459E+2
 8.0577798E+7, -6.3277264E+0, 3.8104543E+2
 8.0577878E+7, -6.3176020E+0, 3.3707866E+2
 8.0577958E+7, -6.3074777E+0, 2.7845627E+2
 8.0578038E+7, -6.2973533E+0, 2.3937470E+2
 8.0578118E+7, -6.2872290E+0, 2.5891548E+2
 8.0578198E+7, -6.2771046E+0, 2.6624328E+2
 8.0578278E+7, -6.2669802E+0, 2.8089887E+2
 8.0578358E+7, -6.2568559E+0, 3.3707866E+2
 8.0578438E+7, -6.2467315E+0, 3.8104543E+2
 8.0578520E+7, -6.2366071E+0, 4.2256960E+2
 8.0578600E+7, -6.2264828E+0, 4.8363459E+2
 8.0578680E+7, -6.2163584E+0, 5.3492916E+2
 8.0578760E+7, -6.2062341E+0, 6.0087931E+2
 8.0578840E+7, -6.1961097E+0, 6.4728874E+2
 8.0578920E+7, -6.1859853E+0, 7.3766488E+2
 8.0579000E+7, -6.1758610E+0, 7.9384464E+2
 8.0579080E+7, -6.1657366E+0, 8.2071322E+2
 8.0579160E+7, -6.1556122E+0, 9.1353202E+2
 8.0579240E+7, -6.1454879E+0, 9.6726918E+2
 8.0579320E+7, -6.1353635E+0, 1.0185637E+3
 8.0579400E+7, -6.1252392E+0, 1.0991695E+3
 8.0579480E+7, -6.1151148E+0, 1.1358085E+3
 8.0579560E+7, -6.1049904E+0, 1.1968734E+3
 8.0579640E+7, -6.0948661E+0, 1.2286272E+3
 8.0579720E+7, -6.0847417E+0, 1.2457254E+3
 8.0579800E+7, -6.0746173E+0, 1.2774793E+3
 8.0579880E+7, -6.0644930E+0, 1.2506107E+3
 8.0579960E+7, -6.0543686E+0, 1.2261846E+3
 8.0580040E+7, -6.0442443E+0, 1.2042012E+3
 8.0580120E+7, -6.0341199E+0, 1.1162677E+3
 8.0580200E+7, -6.0239955E+0, 1.0307767E+3
 8.0580280E+7, -6.0138712E+0, 9.2818761E+2
 8.0580360E+7, -6.0037468E+0, 7.9140204E+2
 8.0580440E+7, -5.9936224E+0, 6.9125551E+2
 8.0580520E+7, -5.9834981E+0, 5.6179774E+2
 8.0580600E+7, -5.9733737E+0, 4.5920861E+2
 8.0580680E+7, -5.9632494E+0, 3.1998047E+2
 8.0580760E+7, -5.9531250E+0, 2.6135808E+2
 8.0580840E+7, -5.9430006E+0, 2.5891548E+2
 8.0580920E+7, -5.9328763E+0, 2.3937470E+2
 8.0581000E+7, -5.9227519E+0, 2.7112848E+2
 8.0581080E+7, -5.9126276E+0, 3.0776745E+2
 8.0581160E+7, -5.9025032E+0, 3.2975087E+2
 8.0581240E+7, -5.8923788E+0, 4.4211042E+2
 8.0581320E+7, -5.8822545E+0, 4.9829018E+2
 8.0581400E+7, -5.8721301E+0, 6.1064970E+2
 8.0581480E+7, -5.8620057E+0, 7.4255008E+2
 8.0581560E+7, -5.8518814E+0, 8.4513921E+2
 8.0581640E+7, -5.8417570E+0, 9.4528580E+2
 8.0581720E+7, -5.8316327E+0, 1.0234489E+3
 8.0581800E+7, -5.8215083E+0, 1.0845139E+3
 8.0581880E+7, -5.8113839E+0, 1.2212994E+3
 8.0581960E+7, -5.8012596E+0, 1.2017586E+3
 8.0582040E+7, -5.7911352E+0, 1.2286272E+3
 8.0582120E+7, -5.7810108E+0, 1.2017586E+3
 8.0582200E+7, -5.7708865E+0, 1.1651196E+3
 8.0582280E+7, -5.7607621E+0, 1.1162677E+3
 8.0582360E+7, -5.7506378E+0, 1.0136786E+3
 8.0582440E+7, -5.7405134E+0, 9.8192477E+2
 8.0582520E+7, -5.7303890E+0, 8.6223739E+2
 8.0582600E+7, -5.7202647E+0, 7.8651685E+2
 8.0582680E+7, -5.7101403E+0, 6.8148512E+2
 8.0582760E+7, -5.7000159E+0, 6.0576451E+2
 8.0582840E+7, -5.6898916E+0, 5.5446994E+2
 8.0582920E+7, -5.6797672E+0, 4.2256960E+2
 8.0583000E+7, -5.6696429E+0, 3.7371764E+2
 8.0583080E+7, -5.6595185E+0, 2.9066926E+2
 8.0583160E+7, -5.6493941E+0, 2.2716171E+2
 8.0583240E+7, -5.6392698E+0, 2.5158769E+2
 8.0583320E+7, -5.6291454E+0, 2.7112848E+2
 8.0583400E+7, -5.6190210E+0, 3.0043966E+2
 8.0583480E+7, -5.6088967E+0, 3.8104543E+2
 8.0583560E+7, -5.5987723E+0, 4.4699562E+2
 8.0583640E+7, -5.5886480E+0, 5.5935514E+2
 8.0583720E+7, -5.5785236E+0, 6.4240354E+2
 8.0583800E+7, -5.5683992E+0, 7.0835370E+2
 8.0583880E+7, -5.5582749E+0, 8.0605763E+2
 8.0583960E+7, -5.5481505E+0, 8.1094283E+2
 8.0584040E+7, -5.5380261E+0, 9.4772840E+2
 8.0584120E+7, -5.5279018E+0, 1.0234489E+3
 8.0584200E+7, -5.5177774E+0, 1.0429897E+3
 8.0584280E+7, -5.5076531E+0, 1.1162677E+3
 8.0584360E+7, -5.4975287E+0, 1.1406937E+3
 8.0584440E+7, -5.4874043E+0, 1.1846604E+3
 8.0584520E+7, -5.4772800E+0, 1.2017586E+3
 8.0584600E+7, -5.4671556E+0, 1.2017586E+3
 8.0584680E+7, -5.4570312E+0, 1.2286272E+3
 8.0584760E+7, -5.4469069E+0, 1.2042012E+3
 8.0584840E+7, -5.4367825E+0, 1.1797752E+3
 8.0584920E+7, -5.4266582E+0, 1.1431363E+3
 8.0585000E+7, -5.4165338E+0, 1.0649731E+3
 8.0585080E+7, -5.4064094E+0, 1.0136786E+3
 8.0585160E+7, -5.3962851E+0, 9.0131903E+2
 8.0585240E+7, -5.3861607E+0, 7.7430385E+2
 8.0585320E+7, -5.3760364E+0, 6.9125551E+2
 8.0585400E+7, -5.3659120E+0, 5.7156813E+2
 8.0585480E+7, -5.3557876E+0, 4.8607719E+2
 8.0585560E+7, -5.3456633E+0, 3.8348803E+2
 8.0585640E+7, -5.3355389E+0, 3.1998047E+2
 8.0585720E+7, -5.3254145E+0, 2.8089887E+2
 8.0585800E+7, -5.3152902E+0, 2.3693210E+2
 8.0585880E+7, -5.3051658E+0, 2.6624328E+2
 8.0585960E+7, -5.2950415E+0, 2.8334147E+2
 8.0586040E+7, -5.2849171E+0, 3.1265268E+2
 8.0586120E+7, -5.2747927E+0, 3.5661945E+2
 8.0586200E+7, -5.2646684E+0, 3.7860283E+2
 8.0586280E+7, -5.2545440E+0, 4.5676601E+2
 8.0586360E+7, -5.2444196E+0, 5.3248656E+2
 8.0586440E+7, -5.2342953E+0, 5.9110892E+2
 8.0586520E+7, -5.2241709E+0, 6.9125551E+2
 8.0586600E+7, -5.2140466E+0, 7.5720567E+2
 8.0586680E+7, -5.2039222E+0, 8.6712259E+2
 8.0586760E+7, -5.1937978E+0, 9.1597462E+2
 8.0586840E+7, -5.1836735E+0, 1.0039082E+3
 8.0586920E+7, -5.1735491E+0, 1.0576453E+3
 8.0587000E+7, -5.1634247E+0, 1.1089399E+3
 8.0587080E+7, -5.1533004E+0, 1.1553493E+3
 8.0587160E+7, -5.1431760E+0, 1.1871030E+3
 8.0587240E+7, -5.1330517E+0, 1.1993160E+3
 8.0587320E+7, -5.1229273E+0, 1.2506107E+3
 8.0587400E+7, -5.1128029E+0, 1.2359550E+3
 8.0587480E+7, -5.1026786E+0, 1.2383976E+3
 8.0587560E+7, -5.0925542E+0, 1.2237420E+3
 8.0587640E+7, -5.0824298E+0, 1.1797752E+3
 8.0587720E+7, -5.0723055E+0, 1.1822178E+3
 8.0587800E+7, -5.0621811E+0, 1.0771861E+3
 8.0587880E+7, -5.0520568E+0, 1.0674157E+3
 8.0587960E+7, -5.0419324E+0, 1.0136786E+3
 8.0588040E+7, -5.0318080E+0, 9.3063021E+2
 8.0588120E+7, -5.0216837E+0, 8.8666344E+2
 8.0588200E+7, -5.0115593E+0, 7.1568149E+2
 8.0588280E+7, -5.0014349E+0, 6.3996094E+2
 8.0588360E+7, -4.9913106E+0, 5.8133852E+2
 8.0588440E+7, -4.9811862E+0, 4.5432341E+2
 8.0588520E+7, -4.9710619E+0, 4.3478259E+2
 8.0588600E+7, -4.9609375E+0, 3.5417685E+2
 8.0588680E+7, -4.9508131E+0, 3.1509528E+2
 8.0588760E+7, -4.9406888E+0, 2.7845627E+2
 8.0588840E+7, -4.9305644E+0, 2.4670249E+2
 8.0588920E+7, -4.9204401E+0, 2.6135808E+2
 8.0589000E+7, -4.9103157E+0, 2.3937470E+2
 8.0589080E+7, -4.9001913E+0, 2.6380068E+2
 8.0589160E+7, -4.8900670E+0, 2.9311186E+2
 8.0589240E+7, -4.8799426E+0, 3.0776745E+2
 8.0589320E+7, -4.8698182E+0, 3.6394724E+2
 8.0589400E+7, -4.8596939E+0, 3.8104543E+2
 8.0589480E+7, -4.8495695E+0, 4.2745480E+2
 8.0589560E+7, -4.8394452E+0, 4.7142160E+2
 8.0589640E+7, -4.8293208E+0, 5.0561798E+2
 8.0589720E+7, -4.8191964E+0, 5.6424034E+2
 8.0589800E+7, -4.8090721E+0, 5.9599411E+2
 8.0589880E+7, -4.7989477E+0, 6.7659992E+2
 8.0589960E+7, -4.7888233E+0, 7.7674645E+2
 8.0590040E+7, -4.7786990E+0, 8.0850023E+2
 8.0590120E+7, -4.7685746E+0, 8.9887643E+2
 8.0590200E+7, -4.7584503E+0, 9.6238399E+2
 8.0590280E+7, -4.7483259E+0, 1.0405471E+3
 8.0590360E+7, -4.7382015E+0, 1.1211529E+3
 8.0590440E+7, -4.7280772E+0, 1.1504641E+3
 8.0590520E+7, -4.7179528E+0, 1.2164142E+3
 8.0590600E+7, -4.7078284E+0, 1.2042012E+3
 8.0590680E+7, -4.6977041E+0, 1.2042012E+3
 8.0590760E+7, -4.6875797E+0, 1.1700048E+3
 8.0590840E+7, -4.6774554E+0, 1.1040547E+3
 8.0590920E+7, -4.6673310E+0, 9.9902296E+2
 8.0591000E+7, -4.6572066E+0, 8.8177824E+2
 8.0591080E+7, -4.6470823E+0, 7.6697606E+2
 8.0591160E+7, -4.6369579E+0, 6.6682953E+2
 8.0591240E+7, -4.6268335E+0, 6.2774795E+2
 8.0591320E+7, -4.6167092E+0, 5.6179774E+2
 8.0591400E+7, -4.6065848E+0, 4.3966782E+2
 8.0591480E+7, -4.5964605E+0, 3.5661945E+2
 8.0591560E+7, -4.5863361E+0, 3.2242307E+2
 8.0591640E+7, -4.5762117E+0, 2.5647289E+2
 8.0591720E+7, -4.5660874E+0, 2.5647289E+2
 8.0591800E+7, -4.5559630E+0, 2.3693210E+2
 8.0591880E+7, -4.5458386E+0, 2.5647289E+2
 8.0591960E+7, -4.5357143E+0, 2.9555446E+2
 8.0592040E+7, -4.5255899E+0, 3.0776745E+2
 8.0592120E+7, -4.5154656E+0, 6.0332191E+2
 8.0592200E+7, -4.5053412E+0, 6.2286270E+2
 8.0592280E+7, -4.4952168E+0, 6.3263315E+2
 8.0592360E+7, -4.4850925E+0, 6.7415732E+2
 8.0592440E+7, -4.4749681E+0, 7.6941866E+2
 8.0592520E+7, -4.4648437E+0, 8.7933564E+2
 8.0592600E+7, -4.4547194E+0, 9.5749879E+2
 8.0592680E+7, -4.4445950E+0, 1.0258915E+3
 8.0592760E+7, -4.4344707E+0, 1.0869565E+3
 8.0592840E+7, -4.4243463E+0, 1.1089399E+3
 8.0592920E+7, -4.4142219E+0, 1.1822178E+3
 8.0593000E+7, -4.4040976E+0, 1.1871030E+3
 8.0593080E+7, -4.3939732E+0, 1.2017586E+3
 8.0593160E+7, -4.3838489E+0, 1.2066438E+3
 8.0593240E+7, -4.3737245E+0, 1.1602345E+3
 8.0593320E+7, -4.3636001E+0, 1.1235955E+3
 8.0593400E+7, -4.3534758E+0, 1.0283341E+3
 8.0593480E+7, -4.3433514E+0, 9.4528580E+2
 8.0593560E+7, -4.3332270E+0, 8.6223739E+2
 8.0593640E+7, -4.3231027E+0, 7.4499267E+2
 8.0593720E+7, -4.3129783E+0, 7.0102590E+2
 8.0593800E+7, -4.3028540E+0, 5.6668293E+2
 8.0593880E+7, -4.2927296E+0, 4.7386420E+2
 8.0593960E+7, -4.2826052E+0, 4.1524181E+2
 8.0594040E+7, -4.2724809E+0, 3.3219346E+2
 8.0594120E+7, -4.2623565E+0, 3.1998047E+2
 8.0594200E+7, -4.2522321E+0, 2.7601367E+2
 8.0594280E+7, -4.2421078E+0, 2.3937470E+2
 8.0594360E+7, -4.2319834E+0, 2.5158769E+2
 8.0594440E+7, -4.2218591E+0, 2.3693210E+2
 8.0594520E+7, -4.2117347E+0, 2.7601367E+2
 8.0594600E+7, -4.2016103E+0, 2.7601367E+2
 8.0594680E+7, -4.1914860E+0, 3.1998047E+2
 8.0594760E+7, -4.1813616E+0, 3.5906205E+2
 8.0594840E+7, -4.1712372E+0, 3.7127504E+2
 8.0594920E+7, -4.1611129E+0, 4.4699562E+2
 8.0595000E+7, -4.1509885E+0, 4.8363459E+2
 8.0595080E+7, -4.1408642E+0, 6.2042010E+2
 8.0595160E+7, -4.1307398E+0, 7.2545189E+2
 8.0595240E+7, -4.1206154E+0, 7.7674645E+2
 8.0595320E+7, -4.1104911E+0, 8.8177824E+2
 8.0595400E+7, -4.1003667E+0, 9.8436737E+2
 8.0595480E+7, -4.0902423E+0, 1.0674157E+3
 8.0595560E+7, -4.0801180E+0, 1.1577919E+3
 8.0595640E+7, -4.0699936E+0, 1.1968734E+3
 8.0595720E+7, -4.0598693E+0, 1.2457254E+3
 8.0595800E+7, -4.0497449E+0, 1.2286272E+3
 8.0595880E+7, -4.0396205E+0, 1.2164142E+3
 8.0595960E+7, -4.0294962E+0, 1.1700048E+3
 8.0596040E+7, -4.0193718E+0, 1.0234489E+3
 8.0596120E+7, -4.0092474E+0, 9.8436737E+2
 8.0596200E+7, -3.9991231E+0, 8.6712259E+2
 8.0596280E+7, -3.9889987E+0, 7.7186126E+2
 8.0596360E+7, -3.9788744E+0, 7.5720567E+2
 8.0596440E+7, -3.9687500E+0, 6.3263315E+2
 8.0596520E+7, -3.9586256E+0, 5.8866632E+2
 8.0596600E+7, -3.9485013E+0, 4.7386420E+2
 8.0596680E+7, -3.9383769E+0, 4.2745480E+2
 8.0596760E+7, -3.9282526E+0, 3.5661945E+2
 8.0596840E+7, -3.9181282E+0, 2.7845627E+2
 8.0596920E+7, -3.9080038E+0, 2.7845627E+2
 8.0597000E+7, -3.8978795E+0, 2.4181730E+2
 8.0597080E+7, -3.8877551E+0, 2.4914509E+2
 8.0597160E+7, -3.8776307E+0, 2.6135808E+2
 8.0597240E+7, -3.8675064E+0, 2.9555446E+2
 8.0597320E+7, -3.8573820E+0, 3.2486567E+2
 8.0597400E+7, -3.8472577E+0, 3.6150464E+2
 8.0597480E+7, -3.8371333E+0, 4.0547141E+2
 8.0597560E+7, -3.8270089E+0, 4.7630680E+2
 8.0597640E+7, -3.8168846E+0, 5.3981435E+2
 8.0597720E+7, -3.8067602E+0, 6.3019055E+2
 8.0597800E+7, -3.7966358E+0, 6.8637031E+2
 8.0597880E+7, -3.7865115E+0, 8.0361503E+2
 8.0597960E+7, -3.7763871E+0, 8.4758180E+2
 8.0598040E+7, -3.7662628E+0, 9.3063021E+2
 8.0598120E+7, -3.7561384E+0, 9.7215438E+2
 8.0598200E+7, -3.7460140E+0, 1.0087934E+3
 8.0598280E+7, -3.7358897E+0, 1.0845139E+3
 8.0598360E+7, -3.7257653E+0, 1.1260381E+3
 8.0598440E+7, -3.7156409E+0, 1.1651196E+3
 8.0598520E+7, -3.7055166E+0, 1.2261846E+3
 8.0598600E+7, -3.6953922E+0, 1.2042012E+3
 8.0598680E+7, -3.6852679E+0, 1.2261846E+3
 8.0598760E+7, -3.6751435E+0, 1.1944308E+3
 8.0598840E+7, -3.6650191E+0, 1.1602345E+3
 8.0598920E+7, -3.6548948E+0, 1.1455789E+3
 8.0599000E+7, -3.6447704E+0, 1.0698583E+3
 8.0599080E+7, -3.6346460E+0, 1.0210063E+3
 8.0599160E+7, -3.6245217E+0, 9.8192477E+2
 8.0599240E+7, -3.6143973E+0, 8.9154863E+2
 8.0599320E+7, -3.6042730E+0, 8.6223739E+2
 8.0599400E+7, -3.5941486E+0, 7.5476307E+2
 8.0599480E+7, -3.5840242E+0, 6.8392771E+2
 8.0599560E+7, -3.5738999E+0, 6.3507575E+2
 8.0599640E+7, -3.5637755E+0, 5.6912553E+2
 8.0599720E+7, -3.5536511E+0, 5.5446994E+2
 8.0599800E+7, -3.5435268E+0, 4.9584758E+2
 8.0599880E+7, -3.5334024E+0, 4.5432341E+2
 8.0599960E+7, -3.5232781E+0, 4.0302882E+2
 8.0600040E+7, -3.5131537E+0, 3.5906205E+2
 8.0600120E+7, -3.5030293E+0, 3.4929165E+2
 8.0600200E+7, -3.4929050E+0, 2.7845627E+2
 8.0600280E+7, -3.4827806E+0, 2.5891548E+2
 8.0600360E+7, -3.4726562E+0, 2.4425989E+2
 8.0600440E+7, -3.4625319E+0, 2.2716171E+2
 8.0600520E+7, -3.4524075E+0, 2.5891548E+2
 8.0600600E+7, -3.4422832E+0, 2.5891548E+2
 8.0600680E+7, -3.4321588E+0, 3.3463606E+2
 8.0600760E+7, -3.4220344E+0, 3.9081582E+2
 8.0600840E+7, -3.4119101E+0, 4.8119199E+2
 8.0600920E+7, -3.4017857E+0, 5.8133852E+2
 8.0601000E+7, -3.3916614E+0, 6.6682953E+2
 8.0601080E+7, -3.3815370E+0, 7.9628724E+2
 8.0601160E+7, -3.3714126E+0, 1.0112360E+3
 8.0601240E+7, -3.3612883E+0, 1.0674157E+3
 8.0601320E+7, -3.3511639E+0, 1.1529067E+3
 8.0601400E+7, -3.3410395E+0, 1.1675622E+3
 8.0601480E+7, -3.3309152E+0, 1.1944308E+3
 8.0601560E+7, -3.3207908E+0, 1.1895456E+3
 8.0601640E+7, -3.3106665E+0, 1.1822178E+3
 8.0601720E+7, -3.3005421E+0, 1.1602345E+3
 8.0601800E+7, -3.2904177E+0, 1.0893991E+3
 8.0601880E+7, -3.2802934E+0, 1.0429897E+3
 8.0601960E+7, -3.2701690E+0, 9.3063021E+2
 8.0602040E+7, -3.2600446E+0, 8.0850023E+2
 8.0602120E+7, -3.2499203E+0, 7.5964826E+2
 8.0602200E+7, -3.2397959E+0, 6.1553490E+2
 8.0602280E+7, -3.2296716E+0, 5.8133852E+2
 8.0602360E+7, -3.2195472E+0, 3.0532485E+2
 8.0602440E+7, -3.2094228E+0, 2.9311186E+2
 8.0602520E+7, -3.1992985E+0, 2.9311186E+2
 8.0602600E+7, -3.1891741E+0, 2.5647289E+2
 8.0602680E+7, -3.1790497E+0, 2.5891548E+2
 8.0602760E+7, -3.1689254E+0, 2.4181730E+2
 8.0602840E+7, -3.1588010E+0, 2.6868588E+2
 8.0602920E+7, -3.1486767E+0, 3.1998047E+2
 8.0603000E+7, -3.1385523E+0, 3.6150464E+2
 8.0603080E+7, -3.1284279E+0, 4.2745480E+2
 8.0603160E+7, -3.1183036E+0, 5.2515876E+2
 8.0603240E+7, -3.1081792E+0, 5.7645333E+2
 8.0603320E+7, -3.0980548E+0, 6.4728874E+2
 8.0603400E+7, -3.0879305E+0, 7.3033708E+2
 8.0603480E+7, -3.0778061E+0, 8.1827062E+2
 8.0603560E+7, -3.0676818E+0, 9.6971178E+2
 8.0603640E+7, -3.0575574E+0, 1.0796287E+3
 8.0603720E+7, -3.0474330E+0, 1.1455789E+3
 8.0603800E+7, -3.0373087E+0, 1.1846604E+3
 8.0603880E+7, -3.0271843E+0, 1.2286272E+3
 8.0603960E+7, -3.0170599E+0, 1.2335124E+3
 8.0604040E+7, -3.0069356E+0, 1.2286272E+3
 8.0604120E+7, -2.9968112E+0, 1.2042012E+3
 8.0604200E+7, -2.9866869E+0, 1.1284807E+3
 8.0604280E+7, -2.9765625E+0, 1.1064973E+3
 8.0604360E+7, -2.9664381E+0, 1.0307767E+3
 8.0604440E+7, -2.9563138E+0, 9.6971178E+2
 8.0604520E+7, -2.9461894E+0, 8.6956519E+2
 8.0604600E+7, -2.9360651E+0, 7.9872984E+2
 8.0604680E+7, -2.9259407E+0, 7.6697606E+2
 8.0604760E+7, -2.9158163E+0, 6.5950173E+2
 8.0604840E+7, -2.9056920E+0, 6.2530535E+2
 8.0604920E+7, -2.8955676E+0, 5.6424034E+2
 8.0605000E+7, -2.8854432E+0, 4.8607719E+2
 8.0605080E+7, -2.8753189E+0, 4.5676601E+2
 8.0605160E+7, -2.8651945E+0, 3.7860283E+2
 8.0605240E+7, -2.8550702E+0, 3.3952126E+2
 8.0605320E+7, -2.8449458E+0, 2.9066926E+2
 8.0605400E+7, -2.8348214E+0, 2.3693210E+2
 8.0605480E+7, -2.8246971E+0, 2.5647289E+2
 8.0605560E+7, -2.8145727E+0, 2.4914509E+2
 8.0605640E+7, -2.8044483E+0, 3.0532485E+2
 8.0605720E+7, -2.7943240E+0, 3.6883244E+2
 8.0605800E+7, -2.7841996E+0, 4.4699562E+2
 8.0605880E+7, -2.7740753E+0, 5.5935514E+2
 8.0605960E+7, -2.7639509E+0, 6.5950173E+2
 8.0606040E+7, -2.7538265E+0, 7.9384464E+2
 8.0606120E+7, -2.7437022E+0, 9.0864682E+2
 8.0606200E+7, -2.7335778E+0, 9.8925257E+2
 8.0606280E+7, -2.7234534E+0, 1.1406937E+3
 8.0606360E+7, -2.7133291E+0, 1.1846604E+3
 8.0606440E+7, -2.7032047E+0, 1.2310698E+3
 8.0606520E+7, -2.6930804E+0, 1.2359550E+3
 8.0606600E+7, -2.6829560E+0, 1.2188568E+3
 8.0606680E+7, -2.6728316E+0, 1.2261846E+3
 8.0606760E+7, -2.6627073E+0, 1.1626770E+3
 8.0606840E+7, -2.6525829E+0, 1.1333659E+3
 8.0606920E+7, -2.6424585E+0, 1.0796287E+3
 8.0607000E+7, -2.6323342E+0, 9.8192477E+2
 8.0607080E+7, -2.6222098E+0, 9.4284320E+2
 8.0607160E+7, -2.6120855E+0, 8.1338543E+2
 8.0607241E+7, -2.6019611E+0, 7.4255008E+2
 8.0607321E+7, -2.5918367E+0, 6.9614071E+2
 8.0607401E+7, -2.5817124E+0, 6.2042010E+2
 8.0607481E+7, -2.5715880E+0, 5.3492916E+2
 8.0607561E+7, -2.5614636E+0, 4.7874939E+2
 8.0607641E+7, -2.5513393E+0, 4.3966782E+2
 8.0607721E+7, -2.5412149E+0, 4.0547141E+2
 8.0607801E+7, -2.5310906E+0, 3.2486567E+2
 8.0607881E+7, -2.5209662E+0, 3.0288225E+2
 8.0607961E+7, -2.5108418E+0, 2.5891548E+2
 8.0608041E+7, -2.5007175E+0, 2.3937470E+2
 8.0608121E+7, -2.4905931E+0, 2.4914509E+2
 8.0608201E+7, -2.4804687E+0, 2.3204690E+2
 8.0608281E+7, -2.4703444E+0, 2.7357107E+2
 8.0608361E+7, -2.4602200E+0, 2.8334147E+2
 8.0608441E+7, -2.4500957E+0, 2.9555446E+2
 8.0608521E+7, -2.4399713E+0, 3.5417685E+2
 8.0608601E+7, -2.4298469E+0, 3.9325842E+2
 8.0608681E+7, -2.4197226E+0, 4.9096239E+2
 8.0608761E+7, -2.4095982E+0, 5.6912553E+2
 8.0608841E+7, -2.3994739E+0, 6.5217394E+2
 8.0608921E+7, -2.3893495E+0, 7.3766488E+2
 8.0609001E+7, -2.3792251E+0, 7.8895944E+2
 8.0609081E+7, -2.3691008E+0, 8.8910604E+2
 8.0609161E+7, -2.3589764E+0, 9.7215438E+2
 8.0609241E+7, -2.3488520E+0, 1.0356619E+3
 8.0609321E+7, -2.3387277E+0, 1.0820713E+3
 8.0609401E+7, -2.3286033E+0, 1.1089399E+3
 8.0609481E+7, -2.3184790E+0, 1.1602345E+3
 8.0609561E+7, -2.3083546E+0, 1.1700048E+3
 8.0609641E+7, -2.2982302E+0, 1.1944308E+3
 8.0609721E+7, -2.2881059E+0, 1.1968734E+3
 8.0609801E+7, -2.2779815E+0, 1.1626770E+3
 8.0609881E+7, -2.2678571E+0, 1.1797752E+3
 8.0609961E+7, -2.2577328E+0, 1.1406937E+3
 8.0610041E+7, -2.2476084E+0, 1.1162677E+3
 8.0610121E+7, -2.2374841E+0, 1.1064973E+3
 8.0610201E+7, -2.2273597E+0, 1.0454323E+3
 8.0610281E+7, -2.2172353E+0, 1.0454323E+3
 8.0610361E+7, -2.2071110E+0, 9.6971178E+2
 8.0610441E+7, -2.1969866E+0, 8.8666344E+2
 8.0610521E+7, -2.1868622E+0, 8.7689304E+2
 8.0610601E+7, -2.1767379E+0, 7.6941866E+2
 8.0610681E+7, -2.1666135E+0, 7.4987787E+2
 8.0610761E+7, -2.1564892E+0, 6.1309230E+2
 8.0610841E+7, -2.1463648E+0, 5.1050317E+2
 8.0610921E+7, -2.1362404E+0, 4.4943821E+2
 8.0611001E+7, -2.1261161E+0, 3.3707866E+2
 8.0611081E+7, -2.1159917E+0, 3.0288225E+2
 8.0611161E+7, -2.1058673E+0, 2.4914509E+2
 8.0611241E+7, -2.0957430E+0, 2.4425989E+2
 8.0611321E+7, -2.0856186E+0, 2.7845627E+2
 8.0611401E+7, -2.0754943E+0, 3.6638984E+2
 8.0611481E+7, -2.0653699E+0, 4.7142160E+2
 8.0611561E+7, -2.0552455E+0, 5.7401073E+2
 8.0611641E+7, -2.0451212E+0, 6.7904252E+2
 8.0611721E+7, -2.0349968E+0, 7.2789448E+2
 8.0611801E+7, -2.0248724E+0, 7.9384464E+2
 8.0611881E+7, -2.0147481E+0, 9.0376163E+2
 8.0611961E+7, -2.0046237E+0, 9.9658036E+2
 8.0612041E+7, -1.9944994E+0, 1.0967269E+3
 8.0612121E+7, -1.9843750E+0, 1.1626770E+3
 8.0612201E+7, -1.9742506E+0, 1.1871030E+3
 8.0612281E+7, -1.9641263E+0, 1.2383976E+3
 8.0612361E+7, -1.9540019E+0, 1.2261846E+3
 8.0612441E+7, -1.9438776E+0, 1.1993160E+3
 8.0612521E+7, -1.9337532E+0, 1.2042012E+3
 8.0612601E+7, -1.9236288E+0, 8.5735220E+2
 8.0612681E+7, -1.9135045E+0, 8.8422084E+2
 8.0612761E+7, -1.9033801E+0, 8.5246700E+2
 8.0612841E+7, -1.8932557E+0, 8.3048362E+2
 8.0612921E+7, -1.8831314E+0, 7.6697606E+2
 8.0613001E+7, -1.8730070E+0, 6.1797750E+2
 8.0613081E+7, -1.8628827E+0, 5.5935514E+2
 8.0613161E+7, -1.8527583E+0, 4.8119199E+2
 8.0613241E+7, -1.8426339E+0, 3.9570102E+2
 8.0613321E+7, -1.8325096E+0, 3.6883244E+2
 8.0613401E+7, -1.8223852E+0, 2.9311186E+2
 8.0613481E+7, -1.8122608E+0, 2.8334147E+2
 8.0613561E+7, -1.8021365E+0, 2.4425989E+2
 8.0613641E+7, -1.7920121E+0, 2.5403029E+2
 8.0613721E+7, -1.7818878E+0, 2.5891548E+2
 8.0613801E+7, -1.7717634E+0, 2.9066926E+2
 8.0613881E+7, -1.7616390E+0, 3.7616023E+2
 8.0613961E+7, -1.7515147E+0, 4.3478259E+2
 8.0614041E+7, -1.7413903E+0, 5.5202734E+2
 8.0614121E+7, -1.7312659E+0, 6.6194433E+2
 8.0614201E+7, -1.7211416E+0, 7.3033708E+2
 8.0614281E+7, -1.7110172E+0, 8.5490960E+2
 8.0614361E+7, -1.7008929E+0, 9.7703958E+2
 8.0614441E+7, -1.6907685E+0, 1.0503175E+3
 8.0614522E+7, -1.6806441E+0, 1.1480215E+3
 8.0614602E+7, -1.6705198E+0, 1.1675622E+3
 8.0614682E+7, -1.6603954E+0, 1.2066438E+3
 8.0614762E+7, -1.6502710E+0, 1.2310698E+3
 8.0614842E+7, -1.6401467E+0, 1.2286272E+3
 8.0614922E+7, -1.6300223E+0, 1.2457254E+3
 8.0615002E+7, -1.6198980E+0, 1.2139716E+3
 8.0615082E+7, -1.6097736E+0, 1.2042012E+3
 8.0615162E+7, -1.5996492E+0, 1.1724474E+3
 8.0615242E+7, -1.5895249E+0, 1.1211529E+3
 8.0615322E+7, -1.5794005E+0, 1.1040547E+3
 8.0615402E+7, -1.5692761E+0, 1.0283341E+3
 8.0615482E+7, -1.5591518E+0, 9.8192477E+2
 8.0615562E+7, -1.5490274E+0, 8.6712259E+2
 8.0615642E+7, -1.5389031E+0, 7.6209086E+2
 8.0615722E+7, -1.5287787E+0, 6.9858330E+2
 8.0615802E+7, -1.5186543E+0, 5.8866632E+2
 8.0615882E+7, -1.5085300E+0, 5.2515876E+2
 8.0615962E+7, -1.4984056E+0, 4.1035661E+2
 8.0616042E+7, -1.4882812E+0, 3.1509528E+2
 8.0616122E+7, -1.4781569E+0, 2.8334147E+2
 8.0616202E+7, -1.4680325E+0, 2.4181730E+2
 8.0616282E+7, -1.4579082E+0, 2.7112848E+2
 8.0616362E+7, -1.4477838E+0, 3.0776745E+2
 8.0616442E+7, -1.4376594E+0, 3.6150464E+2
 8.0616522E+7, -1.4275351E+0, 5.5446994E+2
 8.0616602E+7, -1.4174107E+0, 6.3019055E+2
 8.0616682E+7, -1.4072864E+0, 7.5964826E+2
 8.0616762E+7, -1.3971620E+0, 8.4513921E+2
 8.0616842E+7, -1.3870376E+0, 8.8910604E+2
 8.0616922E+7, -1.3769133E+0, 9.7703958E+2
 8.0617002E+7, -1.3667889E+0, 1.0136786E+3
 8.0617082E+7, -1.3566645E+0, 1.1064973E+3
 8.0617162E+7, -1.3465402E+0, 1.1431363E+3
 8.0617242E+7, -1.3364158E+0, 1.1651196E+3
 8.0617322E+7, -1.3262915E+0, 1.1993160E+3
 8.0617402E+7, -1.3161671E+0, 1.1724474E+3
 8.0617482E+7, -1.3060427E+0, 1.1724474E+3
 8.0617562E+7, -1.2959184E+0, 1.1211529E+3
 8.0617642E+7, -1.2857940E+0, 1.1016121E+3
 8.0617722E+7, -1.2756696E+0, 9.8436737E+2
 8.0617802E+7, -1.2655453E+0, 9.5261359E+2
 8.0617882E+7, -1.2554209E+0, 9.2085981E+2
 8.0617962E+7, -1.2452966E+0, 8.5490960E+2
 8.0618042E+7, -1.2351722E+0, 7.5232047E+2
 8.0618122E+7, -1.2250478E+0, 6.9858330E+2
 8.0618202E+7, -1.2149235E+0, 5.7889593E+2
 8.0618282E+7, -1.2047991E+0, 5.4225695E+2
 8.0618362E+7, -1.1946747E+0, 4.6165121E+2
 8.0618444E+7, -1.1845504E+0, 3.9570102E+2
 8.0618524E+7, -1.1744260E+0, 3.5661945E+2
 8.0618604E+7, -1.1643017E+0, 3.4196386E+2
 8.0618684E+7, -1.1541773E+0, 2.9066926E+2
 8.0618766E+7, -1.1440529E+0, 2.7601367E+2
 8.0618846E+7, -1.1339286E+0, 2.5891548E+2
 8.0618926E+7, -1.1238042E+0, 2.4670249E+2
 8.0619006E+7, -1.1136798E+0, 2.8822666E+2
 8.0619086E+7, -1.1035555E+0, 2.9799706E+2
 8.0619166E+7, -1.0934311E+0, 3.7616023E+2
 8.0619246E+7, -1.0833068E+0, 4.2745480E+2
 8.0619326E+7, -1.0731824E+0, 4.8363459E+2
 8.0619406E+7, -1.0630580E+0, 5.9599411E+2
 8.0619486E+7, -1.0529337E+0, 6.8148512E+2
 8.0619566E+7, -1.0428093E+0, 7.7430385E+2
 8.0619646E+7, -1.0326849E+0, 8.5490960E+2
 8.0619726E+7, -1.0225606E+0, 9.1841722E+2
 8.0619806E+7, -1.0124362E+0, 9.8192477E+2
 8.0619886E+7, -1.0023119E+0, 1.0429897E+3
 8.0619966E+7, -9.9218750E-1, 1.1284807E+3
 8.0620046E+7, -9.8206314E-1, 1.1529067E+3
 8.0620126E+7, -9.7193878E-1, 1.1773326E+3
 8.0620206E+7, -9.6181441E-1, 1.2066438E+3
 8.0620286E+7, -9.5169005E-1, 1.2139716E+3
 8.0620366E+7, -9.4156569E-1, 1.2359550E+3
 8.0620446E+7, -9.3144133E-1, 1.2408402E+3
 8.0620526E+7, -9.2131696E-1, 1.2188568E+3
 8.0620606E+7, -9.1119260E-1, 1.2335124E+3
 8.0620686E+7, -9.0106824E-1, 1.1651196E+3
 8.0620766E+7, -8.9094388E-1, 1.1431363E+3
 8.0620846E+7, -8.8081952E-1, 1.0893991E+3
 8.0620926E+7, -8.7069515E-1, 1.0210063E+3
 8.0621006E+7, -8.6057079E-1, 9.8192477E+2
 8.0621086E+7, -8.5044643E-1, 8.6223739E+2
 8.0621166E+7, -8.4032207E-1, 7.6209086E+2
 8.0621246E+7, -8.3019770E-1, 6.4728874E+2
 8.0621326E+7, -8.2007334E-1, 5.1538837E+2
 8.0621406E+7, -8.0994898E-1, 4.4211042E+2
 8.0621486E+7, -7.9982462E-1, 3.2975087E+2
 8.0621566E+7, -7.8970026E-1, 2.7601367E+2
 8.0621646E+7, -7.7957589E-1, 2.6868588E+2
 8.0621726E+7, -7.6945153E-1, 2.9311186E+2
 8.0621806E+7, -7.5932717E-1, 3.7371764E+2
 8.0621886E+7, -7.4920281E-1, 4.3234000E+2
 8.0621966E+7, -7.3907844E-1, 4.8607719E+2
 8.0622046E+7, -7.2895408E-1, 5.7156813E+2
 8.0622126E+7, -7.1882972E-1, 6.7904252E+2
 8.0622206E+7, -7.0870536E-1, 8.1582803E+2
 8.0622286E+7, -6.9858099E-1, 9.2085981E+2
 8.0622366E+7, -6.8845663E-1, 1.0307767E+3
 8.0622446E+7, -6.7833227E-1, 1.1187103E+3
 8.0622526E+7, -6.6820791E-1, 1.1748900E+3
 8.0622606E+7, -6.5808355E-1, 1.2310698E+3
 8.0622686E+7, -6.4795918E-1, 1.2261846E+3
 8.0622766E+7, -6.3783482E-1, 1.2432828E+3
 8.0622848E+7, -6.2771046E-1, 1.0625305E+3
 8.0622928E+7, -6.1758610E-1, 1.0332193E+3
 8.0623008E+7, -6.0746173E-1, 1.0039082E+3
 8.0623088E+7, -5.9733737E-1, 9.8436737E+2
 8.0623168E+7, -5.8721301E-1, 8.6712259E+2
 8.0623248E+7, -5.7708865E-1, 7.6941866E+2
 8.0623328E+7, -5.6696429E-1, 6.3263315E+2
 8.0623408E+7, -5.5683992E-1, 5.4958475E+2
 8.0623488E+7, -5.4671556E-1, 4.7142160E+2
 8.0623568E+7, -5.3659120E-1, 3.8593063E+2
 8.0623648E+7, -5.2646684E-1, 3.3463606E+2
 8.0623728E+7, -5.1634247E-1, 2.8089887E+2
 8.0623808E+7, -5.0621811E-1, 2.6868588E+2
 8.0623888E+7, -4.9609375E-1, 2.5891548E+2
 8.0623968E+7, -4.8596939E-1, 2.4181730E+2
 8.0624048E+7, -4.7584503E-1, 3.1998047E+2
 8.0624128E+7, -4.6572066E-1, 3.8837323E+2
 8.0624208E+7, -4.5559630E-1, 4.5432341E+2
 8.0624288E+7, -4.4547194E-1, 5.6912553E+2
 8.0624368E+7, -4.3534758E-1, 6.4728874E+2
 8.0624448E+7, -4.2522321E-1, 7.7430385E+2
 8.0624529E+7, -4.1509885E-1, 9.3307281E+2
 8.0624609E+7, -4.0497449E-1, 1.0063508E+3
 8.0624689E+7, -3.9485013E-1, 1.0771861E+3
 8.0624769E+7, -3.8472577E-1, 1.1089399E+3
 8.0624849E+7, -3.7460140E-1, 1.1504641E+3
 8.0624929E+7, -3.6447704E-1, 1.1675622E+3
 8.0625009E+7, -3.5435268E-1, 1.1675622E+3
 8.0625089E+7, -3.4422832E-1, 1.1895456E+3
 8.0625169E+7, -3.3410395E-1, 1.1553493E+3
 8.0625249E+7, -3.2397959E-1, 1.1382511E+3
 8.0625329E+7, -3.1385523E-1, 1.1260381E+3
 8.0625409E+7, -3.0373087E-1, 1.0625305E+3
 8.0625489E+7, -2.9360651E-1, 1.0332193E+3
 8.0625569E+7, -2.8348214E-1, 9.5505619E+2
 8.0625649E+7, -2.7335778E-1, 8.6956519E+2
 8.0625729E+7, -2.6323342E-1, 8.4269661E+2
 8.0625809E+7, -2.5310906E-1, 6.4973134E+2
 8.0625889E+7, -2.4298469E-1, 6.2530535E+2
 8.0625969E+7, -2.3286033E-1, 4.9096239E+2
 8.0626049E+7, -2.2273597E-1, 4.1279921E+2
 8.0626129E+7, -2.1261161E-1, 3.3952126E+2
 8.0626209E+7, -2.0248724E-1, 2.5647289E+2
 8.0626289E+7, -1.9236288E-1, 2.6380068E+2
 8.0626369E+7, -1.8223852E-1, 2.5647289E+2
 8.0626449E+7, -1.7211416E-1, 3.0288225E+2
 8.0626529E+7, -1.6198980E-1, 3.7127504E+2
 8.0626609E+7, -1.5186543E-1, 4.5432341E+2
 8.0626690E+7, -1.4174107E-1, 5.7645333E+2
 8.0626770E+7, -1.3161671E-1, 8.0605763E+2
 8.0626850E+7, -1.2149235E-1, 8.7933564E+2
 8.0626930E+7, -1.1136798E-1, 1.0039082E+3
 8.0627010E+7, -1.0124362E-1, 1.0600879E+3
 8.0627090E+7, -9.1119260E-2, 1.1064973E+3
 8.0627170E+7, -8.0994898E-2, 1.1529067E+3
 8.0627250E+7, -7.0870536E-2, 1.1797752E+3
 8.0627330E+7, -6.0746173E-2, 1.2237420E+3
 8.0627410E+7, -5.0621811E-2, 1.2139716E+3
 8.0627490E+7, -4.0497449E-2, 1.2017586E+3
 8.0627570E+7, -3.0373087E-2, 1.1846604E+3
 8.0627650E+7, -2.0248724E-2, 1.1016121E+3
 8.0627730E+7, -1.0124362E-2, 1.0869565E+3
 8.0627810E+7, -0.0000000E+0, 9.9658036E+2
 8.0627890E+7, 1.0124362E-2, 9.6971178E+2
 8.0627970E+7, 2.0248724E-2, 8.4513921E+2
 8.0628050E+7, 3.0373087E-2, 7.7430385E+2
 8.0628130E+7, 4.0497449E-2, 7.2789448E+2
 8.0628210E+7, 5.0621811E-2, 6.6194433E+2
 8.0628290E+7, 6.0746173E-2, 5.5935514E+2
 8.0628370E+7, 7.0870536E-2, 4.9829018E+2
 8.0628450E+7, 8.0994898E-2, 3.9570102E+2
 8.0628530E+7, 9.1119260E-2, 3.7616023E+2
 8.0628610E+7, 1.0124362E-1, 3.1021005E+2
 8.0628690E+7, 1.1136798E-1, 2.7845627E+2
 8.0628770E+7, 1.2149235E-1, 2.6868588E+2
 8.0628850E+7, 1.3161671E-1, 2.4181730E+2
 8.0628930E+7, 1.4174107E-1, 2.6624328E+2
 8.0629010E+7, 1.5186543E-1, 2.6380068E+2
 8.0629090E+7, 1.6198980E-1, 2.9066926E+2
 8.0629170E+7, 1.7211416E-1, 3.6638984E+2
 8.0629250E+7, 1.8223852E-1, 4.2256960E+2
 8.0629330E+7, 1.9236288E-1, 5.2515876E+2
 8.0629410E+7, 2.0248724E-1, 6.0087931E+2
 8.0629490E+7, 2.1261161E-1, 6.9614071E+2
 8.0629570E+7, 2.2273597E-1, 8.1094283E+2
 8.0629650E+7, 2.3286033E-1, 8.8422084E+2
 8.0629730E+7, 2.4298469E-1, 9.9902296E+2
 8.0629810E+7, 2.5310906E-1, 1.0527601E+3
 8.0629890E+7, 2.6323342E-1, 1.1187103E+3
 8.0629970E+7, 2.7335778E-1, 1.1675622E+3
 8.0630050E+7, 2.8348214E-1, 1.1822178E+3
 8.0630130E+7, 2.9360651E-1, 1.2383976E+3
 8.0630210E+7, 3.0373087E-1, 1.2335124E+3
 8.0630290E+7, 3.1385523E-1, 1.2261846E+3
 8.0630370E+7, 3.2397959E-1, 1.2408402E+3
 8.0630450E+7, 3.3410395E-1, 1.1993160E+3
 8.0630530E+7, 3.4422832E-1, 1.1895456E+3
 8.0630610E+7, 3.5435268E-1, 1.1651196E+3
 8.0630690E+7, 3.6447704E-1, 1.1138251E+3
 8.0630770E+7, 3.7460140E-1, 1.1064973E+3
 8.0630850E+7, 3.8472577E-1, 1.0185637E+3
 8.0630930E+7, 3.9485013E-1, 9.5017099E+2
 8.0631010E+7, 4.0497449E-1, 8.8910604E+2
 8.0631090E+7, 4.1509885E-1, 8.0117244E+2
 8.0631170E+7, 4.2522321E-1, 7.5476307E+2
 8.0631250E+7, 4.3534758E-1, 6.1797750E+2
 8.0631330E+7, 4.4547194E-1, 5.3004396E+2
 8.0631410E+7, 4.5559630E-1, 4.2745480E+2
 8.0631490E+7, 4.6572066E-1, 3.2486567E+2
 8.0631570E+7, 4.7584503E-1, 3.0043966E+2
 8.0631650E+7, 4.8596939E-1, 2.4670249E+2
 8.0631730E+7, 4.9609375E-1, 2.6624328E+2
 8.0631810E+7, 5.0621811E-1, 3.1753787E+2
 8.0631890E+7, 5.1634247E-1, 4.8119199E+2
 8.0631970E+7, 5.2646684E-1, 6.1064970E+2
 8.0632050E+7, 5.3659120E-1, 7.0346850E+2
 8.0632130E+7, 5.4671556E-1, 8.3781141E+2
 8.0632210E+7, 5.5683992E-1, 8.7200779E+2
 8.0632290E+7, 5.6696429E-1, 9.5749879E+2
 8.0632370E+7, 5.7708865E-1, 1.0527601E+3
 8.0632450E+7, 5.8721301E-1, 1.1138251E+3
 8.0632530E+7, 5.9733737E-1, 1.1602345E+3
 8.0632610E+7, 6.0746173E-1, 1.1919882E+3
 8.0632690E+7, 6.1758610E-1, 1.1724474E+3
 8.0632770E+7, 6.2771046E-1, 1.1700048E+3
 8.0632850E+7, 6.3783482E-1, 1.1064973E+3
 8.0632930E+7, 6.4795918E-1, 1.0503175E+3
 8.0633010E+7, 6.5808355E-1, 1.0014656E+3
 8.0633090E+7, 6.6820791E-1, 5.8866632E+2
 8.0633170E+7, 6.7833227E-1, 6.1553490E+2
 8.0633250E+7, 6.8845663E-1, 5.7401073E+2
 8.0633330E+7, 6.9858099E-1, 5.6424034E+2
 8.0633410E+7, 7.0870536E-1, 4.7874939E+2
 8.0633490E+7, 7.1882972E-1, 3.7127504E+2
 8.0633570E+7, 7.2895408E-1, 3.3463606E+2
 8.0633650E+7, 7.3907844E-1, 2.8334147E+2
 8.0633730E+7, 7.4920281E-1, 2.4670249E+2
 8.0633810E+7, 7.5932717E-1, 2.5647289E+2
 8.0633890E+7, 7.6945153E-1, 2.4914509E+2
 8.0633970E+7, 7.7957589E-1, 2.8822666E+2
 8.0634050E+7, 7.8970026E-1, 3.0532485E+2
 8.0634130E+7, 7.9982462E-1, 3.6394724E+2
 8.0634210E+7, 8.0994898E-1, 4.2989740E+2
 8.0634290E+7, 8.2007334E-1, 5.5691254E+2
 8.0634370E+7, 8.3019770E-1, 7.0591110E+2
 8.0634450E+7, 8.4032207E-1, 8.0605763E+2
 8.0634530E+7, 8.5044643E-1, 9.1841722E+2
 8.0634610E+7, 8.6057079E-1, 1.0185637E+3
 8.0634690E+7, 8.7069515E-1, 1.0674157E+3
 8.0634770E+7, 8.8081952E-1, 1.1577919E+3
 8.0634850E+7, 8.9094388E-1, 1.1846604E+3
 8.0634930E+7, 9.0106824E-1, 1.1944308E+3
 8.0635010E+7, 9.1119260E-1, 1.1919882E+3
 8.0635090E+7, 9.2131696E-1, 1.1504641E+3
 8.0635170E+7, 9.3144133E-1, 1.1529067E+3
 8.0635250E+7, 9.4156569E-1, 1.0527601E+3
 8.0635330E+7, 9.5169005E-1, 9.8192477E+2
 8.0635410E+7, 9.6181441E-1, 9.5017099E+2
 8.0635490E+7, 9.7193878E-1, 8.6467999E+2
 8.0635570E+7, 9.8206314E-1, 8.1094283E+2
 8.0635650E+7, 9.9218750E-1, 7.4010748E+2
 8.0635730E+7, 1.0023119E+0, 6.5950173E+2
 8.0635810E+7, 1.0124362E+0, 6.0332191E+2
 8.0635890E+7, 1.0225606E+0, 5.1783097E+2
 8.0635970E+7, 1.0326849E+0, 4.9096239E+2
 8.0636050E+7, 1.0428093E+0, 3.6150464E+2
 8.0636130E+7, 1.0529337E+0, 2.9066926E+2
 8.0636210E+7, 1.0630580E+0, 2.8334147E+2
 8.0636290E+7, 1.0731824E+0, 2.4181730E+2
 8.0636370E+7, 1.0833068E+0, 2.6868588E+2
 8.0636450E+7, 1.0934311E+0, 2.9555446E+2
 8.0636530E+7, 1.1035555E+0, 3.5906205E+2
 8.0636610E+7, 1.1136798E+0, 4.4943821E+2
 8.0636690E+7, 1.1238042E+0, 5.5446994E+2
 8.0636770E+7, 1.1339286E+0, 6.9858330E+2
 8.0636850E+7, 1.1440529E+0, 8.3048362E+2
 8.0636930E+7, 1.1541773E+0, 9.5505619E+2
 8.0637010E+7, 1.1643017E+0, 1.1309233E+3
 8.0637090E+7, 1.1744260E+0, 1.1700048E+3
 8.0637170E+7, 1.1845504E+0, 1.2261846E+3
 8.0637250E+7, 1.1946747E+0, 1.2237420E+3
 8.0637330E+7, 1.2047991E+0, 1.2042012E+3
 8.0637410E+7, 1.2149235E+0, 1.2090864E+3
 8.0637490E+7, 1.2250478E+0, 1.1504641E+3
 8.0637570E+7, 1.2351722E+0, 1.0918417E+3
 8.0637650E+7, 1.2452966E+0, 1.0429897E+3
 8.0637730E+7, 1.2554209E+0, 9.2085981E+2
 8.0637810E+7, 1.2655453E+0, 8.5735220E+2
 8.0637890E+7, 1.2756696E+0, 7.3277968E+2
 8.0637970E+7, 1.2857940E+0, 6.5705913E+2
 8.0638050E+7, 1.2959184E+0, 5.7401073E+2
 8.0638130E+7, 1.3060427E+0, 5.0561798E+2
 8.0638210E+7, 1.3161671E+0, 3.9814362E+2
 8.0638290E+7, 1.3262915E+0, 3.5906205E+2
 8.0638370E+7, 1.3364158E+0, 3.1753787E+2
 8.0638450E+7, 1.3465402E+0, 3.0288225E+2
 8.0638530E+7, 1.3566645E+0, 2.5647289E+2
 8.0638610E+7, 1.3667889E+0, 2.6380068E+2
 8.0638690E+7, 1.3769133E+0, 2.5647289E+2
 8.0638770E+7, 1.3870376E+0, 2.8578407E+2
 8.0638850E+7, 1.3971620E+0, 3.1998047E+2
 8.0638930E+7, 1.4072864E+0, 3.3952126E+2
 8.0639010E+7, 1.4174107E+0, 4.2012700E+2
 8.0639090E+7, 1.4275351E+0, 4.5432341E+2
 8.0639170E+7, 1.4376594E+0, 5.1783097E+2
 8.0639250E+7, 1.4477838E+0, 6.1309230E+2
 8.0639330E+7, 1.4579082E+0, 6.5461653E+2
 8.0639410E+7, 1.4680325E+0, 8.1582803E+2
 8.0639490E+7, 1.4781569E+0, 9.0620422E+2
 8.0639570E+7, 1.4882812E+0, 9.7459698E+2
 8.0639650E+7, 1.4984056E+0, 1.0625305E+3
 8.0639730E+7, 1.5085300E+0, 1.0869565E+3
 8.0639810E+7, 1.5186543E+0, 1.1651196E+3
 8.0639890E+7, 1.5287787E+0, 1.1871030E+3
 8.0639970E+7, 1.5389031E+0, 1.2042012E+3
 8.0640050E+7, 1.5490274E+0, 1.2139716E+3
 8.0640130E+7, 1.5591518E+0, 1.1700048E+3
 8.0640210E+7, 1.5692761E+0, 1.1651196E+3
 8.0640290E+7, 1.5794005E+0, 1.1089399E+3
 8.0640370E+7, 1.5895249E+0, 1.0381045E+3
 8.0640450E+7, 1.5996492E+0, 9.9902296E+2
 8.0640530E+7, 1.6097736E+0, 9.3063021E+2
 8.0640610E+7, 1.6198980E+0, 8.9154863E+2
 8.0640690E+7, 1.6300223E+0, 8.2071322E+2
 8.0640770E+7, 1.6401467E+0, 7.5232047E+2
 8.0640850E+7, 1.6502710E+0, 7.0835370E+2
 8.0640930E+7, 1.6603954E+0, 6.2286270E+2
 8.0641010E+7, 1.6705198E+0, 5.9110892E+2
 8.0641091E+7, 1.6806441E+0, 5.2027357E+2
 8.0641171E+7, 1.6907685E+0, 4.0791401E+2
 8.0641251E+7, 1.7008929E+0, 3.9814362E+2
 8.0641331E+7, 1.7110172E+0, 3.2486567E+2
 8.0641411E+7, 1.7211416E+0, 2.8578407E+2
 8.0641491E+7, 1.7312659E+0, 2.7112848E+2
 8.0641571E+7, 1.7413903E+0, 2.3204690E+2
 8.0641651E+7, 1.7515147E+0, 2.6868588E+2
 8.0641731E+7, 1.7616390E+0, 3.0776745E+2
 8.0641811E+7, 1.7717634E+0, 3.7860283E+2
 8.0641891E+7, 1.7818878E+0, 4.8363459E+2
 8.0641971E+7, 1.7920121E+0, 5.7401073E+2
 8.0642051E+7, 1.8021365E+0, 7.1323889E+2
 8.0642131E+7, 1.8122608E+0, 9.4528580E+2
 8.0642211E+7, 1.8223852E+0, 1.0332193E+3
 8.0642291E+7, 1.8325096E+0, 1.1089399E+3
 8.0642371E+7, 1.8426339E+0, 1.1382511E+3
 8.0642451E+7, 1.8527583E+0, 1.1748900E+3
 8.0642531E+7, 1.8628827E+0, 1.1748900E+3
 8.0642611E+7, 1.8730070E+0, 1.1529067E+3
 8.0642691E+7, 1.8831314E+0, 1.1284807E+3
 8.0642771E+7, 1.8932557E+0, 1.0576453E+3
 8.0642851E+7, 1.9033801E+0, 1.0014656E+3
 8.0642931E+7, 1.9135045E+0, 8.5979480E+2
 8.0643011E+7, 1.9236288E+0, 7.2789448E+2
 8.0643091E+7, 1.9337532E+0, 6.5950173E+2
 8.0643171E+7, 1.9438776E+0, 5.0073278E+2
 8.0643251E+7, 1.9540019E+0, 4.7386420E+2
 8.0643331E+7, 1.9641263E+0, 2.6624328E+2
 8.0643411E+7, 1.9742506E+0, 2.4914509E+2
 8.0643491E+7, 1.9843750E+0, 2.6624328E+2
 8.0643571E+7, 1.9944994E+0, 2.4181730E+2
 8.0643651E+7, 2.0046237E+0, 2.7601367E+2
 8.0643731E+7, 2.0147481E+0, 3.1998047E+2
 8.0643811E+7, 2.0248724E+0, 4.0058622E+2
 8.0643891E+7, 2.0349968E+0, 4.6897900E+2
 8.0643971E+7, 2.0451212E+0, 5.7889593E+2
 8.0644051E+7, 2.0552455E+0, 6.7415732E+2
 8.0644131E+7, 2.0653699E+0, 7.7918905E+2
 8.0644211E+7, 2.0754943E+0, 8.3781141E+2
 8.0644291E+7, 2.0856186E+0, 9.2818761E+2
 8.0644371E+7, 2.0957430E+0, 1.0210063E+3
 8.0644451E+7, 2.1058673E+0, 1.1040547E+3
 8.0644547E+7, 2.1159917E+0, 1.1944308E+3
 8.0644689E+7, 2.1261161E+0, 1.2261846E+3
 8.0644769E+7, 2.1362404E+0, 1.1968734E+3
 8.0644849E+7, 2.1463648E+0, 1.1773326E+3
 8.0645120E+7, 2.1564892E+0, 1.0698583E+3
 8.0645205E+7, 2.1666135E+0, 1.0063508E+3
 8.0645285E+7, 2.1767379E+0, 8.7933564E+2
 8.0645365E+7, 2.1868622E+0, 8.1338543E+2
 8.0645462E+7, 2.1969866E+0, 6.9125551E+2
 8.0645542E+7, 2.2071110E+0, 6.1309230E+2
 8.0645629E+7, 2.2172353E+0, 5.2515876E+2
 8.0645713E+7, 2.2273597E+0, 4.7142160E+2
 8.0645793E+7, 2.2374841E+0, 3.7616023E+2
 8.0645873E+7, 2.2476084E+0, 3.3707866E+2
 8.0645953E+7, 2.2577328E+0, 2.8089887E+2
 8.0646033E+7, 2.2678571E+0, 2.8089887E+2
 8.0646113E+7, 2.2779815E+0, 2.5891548E+2
 8.0646193E+7, 2.2881059E+0, 2.4425989E+2
 8.0646273E+7, 2.2982302E+0, 2.6868588E+2
 8.0646353E+7, 2.3083546E+0, 2.6868588E+2
 8.0646433E+7, 2.3184790E+0, 3.2242307E+2
 8.0646513E+7, 2.3286033E+0, 3.4440646E+2
 8.0646593E+7, 2.3387277E+0, 4.4211042E+2
 8.0646673E+7, 2.3488520E+0, 5.2515876E+2
 8.0646753E+7, 2.3589764E+0, 5.9355152E+2
 8.0646833E+7, 2.3691008E+0, 7.4743527E+2
 8.0646913E+7, 2.3792251E+0, 8.7933564E+2
 8.0646993E+7, 2.3893495E+0, 9.7215438E+2
 8.0647073E+7, 2.3994739E+0, 1.1016121E+3
 8.0647153E+7, 2.4095982E+0, 1.1431363E+3
 8.0647233E+7, 2.4197226E+0, 1.2090864E+3
 8.0647313E+7, 2.4298469E+0, 1.2286272E+3
 8.0647393E+7, 2.4399713E+0, 1.2042012E+3
 8.0647473E+7, 2.4500957E+0, 1.1797752E+3
 8.0647553E+7, 2.4602200E+0, 1.0332193E+3
 8.0647633E+7, 2.4703444E+0, 9.6482658E+2
 8.0647713E+7, 2.4804687E+0, 8.3292621E+2
 8.0647793E+7, 2.4905931E+0, 7.3522228E+2
 8.0647873E+7, 2.5007175E+0, 6.9858330E+2
 8.0647953E+7, 2.5108418E+0, 5.8378112E+2
 8.0648033E+7, 2.5209662E+0, 5.1783097E+2
 8.0648113E+7, 2.5310906E+0, 4.2745480E+2
 8.0648193E+7, 2.5412149E+0, 3.5173425E+2
 8.0648273E+7, 2.5513393E+0, 3.1998047E+2
 8.0648353E+7, 2.5614636E+0, 2.5647289E+2
 8.0648433E+7, 2.5715880E+0, 2.6135808E+2
 8.0648513E+7, 2.5817124E+0, 2.6135808E+2
 8.0648593E+7, 2.5918367E+0, 2.6135808E+2
 8.0648673E+7, 2.6019611E+0, 2.9066926E+2
 8.0648753E+7, 2.6120855E+0, 3.4440646E+2
 8.0648833E+7, 2.6222098E+0, 3.8837323E+2
 8.0648913E+7, 2.6323342E+0, 4.5432341E+2
 8.0648993E+7, 2.6424585E+0, 4.8363459E+2
 8.0649073E+7, 2.6525829E+0, 5.6424034E+2
 8.0649153E+7, 2.6627073E+0, 6.4728874E+2
 8.0649233E+7, 2.6728316E+0, 7.5964826E+2
 8.0649313E+7, 2.6829560E+0, 8.2559842E+2
 8.0649393E+7, 2.6930804E+0, 9.0620422E+2
 8.0649473E+7, 2.7032047E+0, 9.4772840E+2
 8.0649553E+7, 2.7133291E+0, 1.0112360E+3
 8.0649633E+7, 2.7234534E+0, 1.0723009E+3
 8.0649713E+7, 2.7335778E+0, 1.0918417E+3
 8.0649793E+7, 2.7437022E+0, 1.1211529E+3
 8.0649873E+7, 2.7538265E+0, 1.1602345E+3
 8.0649953E+7, 2.7639509E+0, 1.1553493E+3
 8.0650033E+7, 2.7740753E+0, 1.1504641E+3
 8.0650113E+7, 2.7841996E+0, 1.1309233E+3
 8.0650193E+7, 2.7943240E+0, 1.0429897E+3
 8.0650273E+7, 2.8044483E+0, 1.0136786E+3
 8.0650353E+7, 2.8145727E+0, 9.1597462E+2
 8.0650433E+7, 2.8246971E+0, 8.6467999E+2
 8.0650513E+7, 2.8348214E+0, 7.7674645E+2
 8.0650593E+7, 2.8449458E+0, 6.8637031E+2
 8.0650673E+7, 2.8550702E+0, 6.4484614E+2
 8.0650753E+7, 2.8651945E+0, 5.5935514E+2
 8.0650833E+7, 2.8753189E+0, 4.9096239E+2
 8.0650913E+7, 2.8854432E+0, 4.1768441E+2
 8.0650993E+7, 2.8955676E+0, 3.3952126E+2
 8.0651073E+7, 2.9056920E+0, 3.3219346E+2
 8.0651153E+7, 2.9158163E+0, 2.8578407E+2
 8.0651233E+7, 2.9259407E+0, 2.6624328E+2
 8.0651313E+7, 2.9360651E+0, 2.6135808E+2
 8.0651393E+7, 2.9461894E+0, 2.3693210E+2
 8.0651473E+7, 2.9563138E+0, 2.5891548E+2
 8.0651553E+7, 2.9664381E+0, 2.4670249E+2
 8.0651633E+7, 2.9765625E+0, 2.8578407E+2
 8.0651713E+7, 2.9866869E+0, 3.2486567E+2
 8.0651793E+7, 2.9968112E+0, 3.4196386E+2
 8.0651873E+7, 3.0069356E+0, 4.0302882E+2
 8.0651953E+7, 3.0170599E+0, 4.4943821E+2
 8.0652033E+7, 3.0271843E+0, 5.4958475E+2
 8.0652113E+7, 3.0373087E+0, 6.6438693E+2
 8.0652193E+7, 3.0474330E+0, 7.5476307E+2
 8.0652273E+7, 3.0575574E+0, 8.9399123E+2
 8.0652353E+7, 3.0676818E+0, 9.8925257E+2
 8.0652433E+7, 3.0778061E+0, 1.1016121E+3
 8.0652513E+7, 3.0879305E+0, 1.1700048E+3
 8.0652593E+7, 3.0980548E+0, 1.1919882E+3
 8.0652673E+7, 3.1081792E+0, 1.2042012E+3
 8.0652753E+7, 3.1183036E+0, 1.1284807E+3
 8.0652833E+7, 3.1284279E+0, 1.0576453E+3
 8.0652913E+7, 3.1385523E+0, 9.6726918E+2
 8.0652993E+7, 3.1486767E+0, 8.8910604E+2
 8.0653073E+7, 3.1588010E+0, 8.5002440E+2
 8.0653153E+7, 3.1689254E+0, 7.1079630E+2
 8.0653233E+7, 3.1790497E+0, 6.1553490E+2
 8.0653313E+7, 3.1891741E+0, 5.5446994E+2
 8.0653393E+7, 3.1992985E+0, 4.2256960E+2
 8.0653473E+7, 3.2094228E+0, 3.7371764E+2
 8.0653553E+7, 3.2195472E+0, 2.9066926E+2
 8.0653633E+7, 3.2296716E+0, 2.6624328E+2
 8.0653713E+7, 3.2397959E+0, 2.6135808E+2
 8.0653793E+7, 3.2499203E+0, 2.4181730E+2
 8.0653873E+7, 3.2600446E+0, 4.6897900E+2
 8.0653953E+7, 3.2701690E+0, 4.8607719E+2
 8.0654033E+7, 3.2802934E+0, 5.0073278E+2
 8.0654113E+7, 3.2904177E+0, 5.3248656E+2
 8.0654193E+7, 3.3005421E+0, 6.2042010E+2
 8.0654273E+7, 3.3106665E+0, 7.3033708E+2
 8.0654353E+7, 3.3207908E+0, 8.3781141E+2
 8.0654433E+7, 3.3309152E+0, 9.2330241E+2
 8.0654513E+7, 3.3410395E+0, 1.0185637E+3
 8.0654593E+7, 3.3511639E+0, 1.0625305E+3
 8.0654675E+7, 3.3612883E+0, 1.1455789E+3
 8.0654755E+7, 3.3714126E+0, 1.1846604E+3
 8.0654835E+7, 3.3815370E+0, 1.1822178E+3
 8.0654915E+7, 3.3916614E+0, 1.2310698E+3
 8.0654995E+7, 3.4017857E+0, 1.2188568E+3
 8.0655075E+7, 3.4119101E+0, 1.1553493E+3
 8.0655155E+7, 3.4220344E+0, 1.1089399E+3
 8.0655235E+7, 3.4321588E+0, 1.0087934E+3
 8.0655315E+7, 3.4422832E+0, 9.1597462E+2
 8.0655395E+7, 3.4524075E+0, 7.9628724E+2
 8.0655475E+7, 3.4625319E+0, 6.8881291E+2
 8.0655555E+7, 3.4726562E+0, 5.9110892E+2
 8.0655635E+7, 3.4827806E+0, 4.7630680E+2
 8.0655715E+7, 3.4929050E+0, 4.1279921E+2
 8.0655795E+7, 3.5030293E+0, 3.3952126E+2
 8.0655875E+7, 3.5131537E+0, 2.8578407E+2
 8.0655955E+7, 3.5232781E+0, 2.7845627E+2
 8.0656035E+7, 3.5334024E+0, 2.4181730E+2
 8.0656115E+7, 3.5435268E+0, 2.6868588E+2
 8.0656195E+7, 3.5536511E+0, 2.9066926E+2
 8.0656275E+7, 3.5637755E+0, 3.0288225E+2
 8.0656355E+7, 3.5738999E+0, 3.6638984E+2
 8.0656435E+7, 3.5840242E+0, 3.8837323E+2
 8.0656515E+7, 3.5941486E+0, 4.6653640E+2
 8.0656595E+7, 3.6042730E+0, 5.3004396E+2
 8.0656675E+7, 3.6143973E+0, 6.0087931E+2
 8.0656755E+7, 3.6245217E+0, 6.6194433E+2
 8.0656835E+7, 3.6346460E+0, 7.6453346E+2
 8.0656915E+7, 3.6447704E+0, 8.9154863E+2
 8.0656995E+7, 3.6548948E+0, 9.5749879E+2
 8.0657075E+7, 3.6650191E+0, 1.0112360E+3
 8.0657155E+7, 3.6751435E+0, 1.1064973E+3
 8.0657235E+7, 3.6852679E+0, 1.1406937E+3
 8.0657315E+7, 3.6953922E+0, 1.1822178E+3
 8.0657395E+7, 3.7055166E+0, 1.1651196E+3
 8.0657475E+7, 3.7156409E+0, 1.1089399E+3
 8.0657555E+7, 3.7257653E+0, 1.0576453E+3
 8.0657635E+7, 3.7358897E+0, 9.5505619E+2
 8.0657715E+7, 3.7460140E+0, 8.7200779E+2
 8.0657795E+7, 3.7561384E+0, 6.4728874E+2
 8.0657875E+7, 3.7662628E+0, 5.3004396E+2
 8.0657955E+7, 3.7763871E+0, 4.5188081E+2
 8.0658035E+7, 3.7865115E+0, 3.6394724E+2
 8.0658115E+7, 3.7966358E+0, 3.3952126E+2
 8.0658195E+7, 3.8067602E+0, 2.9799706E+2
 8.0658275E+7, 3.8168846E+0, 2.4914509E+2
 8.0658355E+7, 3.8270089E+0, 2.5647289E+2
 8.0658435E+7, 3.8371333E+0, 2.3448950E+2
 8.0658515E+7, 3.8472577E+0, 2.8578407E+2
 8.0658595E+7, 3.8573820E+0, 3.2486567E+2
 8.0658675E+7, 3.8675064E+0, 3.8348803E+2
 8.0658755E+7, 3.8776307E+0, 4.4699562E+2
 8.0658835E+7, 3.8877551E+0, 5.2271616E+2
 8.0658915E+7, 3.8978795E+0, 5.9355152E+2
 8.0658995E+7, 3.9080038E+0, 7.4743527E+2
 8.0659075E+7, 3.9181282E+0, 7.4987787E+2
 8.0659155E+7, 3.9282526E+0, 8.3781141E+2
 8.0659235E+7, 3.9383769E+0, 8.7200779E+2
 8.0659315E+7, 3.9485013E+0, 9.5749879E+2
 8.0659395E+7, 3.9586256E+0, 1.0332193E+3
 8.0659475E+7, 3.9687500E+0, 1.0747435E+3
 8.0659555E+7, 3.9788744E+0, 1.1211529E+3
 8.0659635E+7, 3.9889987E+0, 1.1406937E+3
 8.0659715E+7, 3.9991231E+0, 1.1822178E+3
 8.0659795E+7, 4.0092474E+0, 1.1871030E+3
 8.0659875E+7, 4.0193718E+0, 1.1748900E+3
 8.0659955E+7, 4.0294962E+0, 1.1797752E+3
 8.0660035E+7, 4.0396205E+0, 1.1260381E+3
 8.0660115E+7, 4.0497449E+0, 1.1113825E+3
 8.0660195E+7, 4.0598693E+0, 1.0063508E+3
 8.0660275E+7, 4.0699936E+0, 9.0620422E+2
 8.0660355E+7, 4.0801180E+0, 8.6712259E+2
 8.0660435E+7, 4.0902423E+0, 7.2545189E+2
 8.0660515E+7, 4.1003667E+0, 6.7904252E+2
 8.0660595E+7, 4.1104911E+0, 5.7889593E+2
 8.0660675E+7, 4.1206154E+0, 4.7386420E+2
 8.0660755E+7, 4.1307398E+0, 4.2256960E+2
 8.0660835E+7, 4.1408642E+0, 3.2975087E+2
 8.0660915E+7, 4.1509885E+0, 3.1753787E+2
 8.0660995E+7, 4.1611129E+0, 2.7112848E+2
 8.0661075E+7, 4.1712372E+0, 2.4425989E+2
 8.0661155E+7, 4.1813616E+0, 2.6624328E+2
 8.0661235E+7, 4.1914860E+0, 2.5647289E+2
 8.0661315E+7, 4.2016103E+0, 2.9555446E+2
 8.0661395E+7, 4.2117347E+0, 3.1021005E+2
 8.0661475E+7, 4.2218591E+0, 3.3219346E+2
 8.0661555E+7, 4.2319834E+0, 3.7371764E+2
 8.0661635E+7, 4.2421078E+0, 3.9570102E+2
 8.0661715E+7, 4.2522321E+0, 4.5676601E+2
 8.0661795E+7, 4.2623565E+0, 5.2027357E+2
 8.0661875E+7, 4.2724809E+0, 5.5202734E+2
 8.0661955E+7, 4.2826052E+0, 6.7904252E+2
 8.0662035E+7, 4.2927296E+0, 7.3766488E+2
 8.0662115E+7, 4.3028540E+0, 8.3292621E+2
 8.0662195E+7, 4.3129783E+0, 9.1597462E+2
 8.0662275E+7, 4.3231027E+0, 9.9658036E+2
 8.0662355E+7, 4.3332270E+0, 1.0820713E+3
 8.0662435E+7, 4.3433514E+0, 1.1284807E+3
 8.0662515E+7, 4.3534758E+0, 1.2042012E+3
 8.0662595E+7, 4.3636001E+0, 1.2090864E+3
 8.0662675E+7, 4.3737245E+0, 1.1871030E+3
 8.0662755E+7, 4.3838489E+0, 1.1504641E+3
 8.0662835E+7, 4.3939732E+0, 1.0405471E+3
 8.0662915E+7, 4.4040976E+0, 8.7689304E+2
 8.0662995E+7, 4.4142219E+0, 7.3766488E+2
 8.0663075E+7, 4.4243463E+0, 6.0087931E+2
 8.0663155E+7, 4.4344707E+0, 5.3004396E+2
 8.0663235E+7, 4.4445950E+0, 4.5188081E+2
 8.0663315E+7, 4.4547194E+0, 4.0058622E+2
 8.0663395E+7, 4.4648437E+0, 3.1753787E+2
 8.0663475E+7, 4.4749681E+0, 2.7601367E+2
 8.0663555E+7, 4.4850925E+0, 2.6135808E+2
 8.0663635E+7, 4.4952168E+0, 2.4425989E+2
 8.0663715E+7, 4.5053412E+0, 3.0776745E+2
 8.0663795E+7, 4.5154656E+0, 3.8104543E+2
 8.0663875E+7, 4.5255899E+0, 4.3722519E+2
 8.0663955E+7, 4.5357143E+0, 5.4714215E+2
 8.0664035E+7, 4.5458386E+0, 6.0576451E+2
 8.0664115E+7, 4.5559630E+0, 8.9887643E+2
 8.0664195E+7, 4.5660874E+0, 9.8192477E+2
 8.0664275E+7, 4.5762117E+0, 1.0405471E+3
 8.0664355E+7, 4.5863361E+0, 1.0429897E+3
 8.0664435E+7, 4.5964605E+0, 1.0552027E+3
 8.0664515E+7, 4.6065848E+0, 1.0332193E+3
 8.0664595E+7, 4.6167092E+0, 1.1529067E+3
 8.0664675E+7, 4.6268335E+0, 1.1773326E+3
 8.0664755E+7, 4.6369579E+0, 1.1773326E+3
 8.0664835E+7, 4.6470823E+0, 1.1358085E+3
 8.0664915E+7, 4.6572066E+0, 1.0869565E+3
 8.0664995E+7, 4.6673310E+0, 1.0332193E+3
 8.0665075E+7, 4.6774554E+0, 9.5261359E+2
 8.0665155E+7, 4.6875797E+0, 8.8177824E+2
 8.0665235E+7, 4.6977041E+0, 7.5720567E+2
 8.0665315E+7, 4.7078284E+0, 6.2042010E+2
 8.0665395E+7, 4.7179528E+0, 4.8607719E+2
 8.0665475E+7, 4.7280772E+0, 4.1524181E+2
 8.0665555E+7, 4.7382015E+0, 3.4929165E+2
 8.0665635E+7, 4.7483259E+0, 2.6624328E+2
 8.0665715E+7, 4.7584503E+0, 2.6380068E+2
 8.0665795E+7, 4.7685746E+0, 2.4914509E+2
 8.0665875E+7, 4.7786990E+0, 2.7112848E+2
 8.0665955E+7, 4.7888233E+0, 3.2730827E+2
 8.0666035E+7, 4.7989477E+0, 3.5417685E+2
 8.0666115E+7, 4.8090721E+0, 4.3722519E+2
 8.0666195E+7, 4.8191964E+0, 4.7874939E+2
 8.0666275E+7, 4.8293208E+0, 5.7401073E+2
 8.0666355E+7, 4.8394452E+0, 6.4728874E+2
 8.0666435E+7, 4.8495695E+0, 7.1079630E+2
 8.0666515E+7, 4.8596939E+0, 7.9384464E+2
 8.0666595E+7, 4.8698182E+0, 8.4758180E+2
 8.0666675E+7, 4.8799426E+0, 9.0620422E+2
 8.0666755E+7, 4.8900670E+0, 9.7215438E+2
 8.0666835E+7, 4.9001913E+0, 1.0112360E+3
 8.0666915E+7, 4.9103157E+0, 1.0845139E+3
 8.0666995E+7, 4.9204401E+0, 1.1138251E+3
 8.0667075E+7, 4.9305644E+0, 1.1431363E+3
 8.0667155E+7, 4.9406888E+0, 1.1626770E+3
 8.0667235E+7, 4.9508131E+0, 1.1382511E+3
 8.0667315E+7, 4.9609375E+0, 1.1187103E+3
 8.0667395E+7, 4.9710619E+0, 1.0527601E+3
 8.0667475E+7, 4.9811862E+0, 9.5994139E+2
 8.0667555E+7, 4.9913106E+0, 8.7200779E+2
 8.0667635E+7, 5.0014349E+0, 7.4987787E+2
 8.0667715E+7, 5.0115593E+0, 6.6682953E+2
 8.0667795E+7, 5.0216837E+0, 5.3004396E+2
 8.0667875E+7, 5.0318080E+0, 4.2012700E+2
 8.0667955E+7, 5.0419324E+0, 3.4929165E+2
 8.0668035E+7, 5.0520568E+0, 2.4181730E+2
 8.0668115E+7, 5.0621811E+0, 2.5891548E+2
 8.0668195E+7, 5.0723055E+0, 2.7112848E+2
 8.0668275E+7, 5.0824298E+0, 2.9066926E+2
 8.0668355E+7, 5.0925542E+0, 3.2975087E+2
 8.0668435E+7, 5.1026786E+0, 3.6394724E+2
 8.0668515E+7, 5.1128029E+0, 4.3478259E+2
 8.0668595E+7, 5.1229273E+0, 5.3004396E+2
 8.0668675E+7, 5.1330517E+0, 6.0087931E+2
 8.0668755E+7, 5.1431760E+0, 7.0102590E+2
 8.0668835E+7, 5.1533004E+0, 7.7918905E+2
 8.0668915E+7, 5.1634247E+0, 9.1108942E+2
 8.0668995E+7, 5.1735491E+0, 9.6238399E+2
 8.0669075E+7, 5.1836735E+0, 1.0258915E+3
 8.0669155E+7, 5.1937978E+0, 1.0698583E+3
 8.0669235E+7, 5.2039222E+0, 1.1309233E+3
 8.0669315E+7, 5.2140466E+0, 1.1748900E+3
 8.0669395E+7, 5.2241709E+0, 1.1895456E+3
 8.0669475E+7, 5.2342953E+0, 1.1968734E+3
 8.0669555E+7, 5.2444196E+0, 1.2139716E+3
 8.0669635E+7, 5.2545440E+0, 1.1773326E+3
 8.0669715E+7, 5.2646684E+0, 1.1724474E+3
 8.0669795E+7, 5.2747927E+0, 1.1260381E+3
 8.0669875E+7, 5.2849171E+0, 1.0576453E+3
 8.0669955E+7, 5.2950415E+0, 1.0332193E+3
 8.0670035E+7, 5.3051658E+0, 9.2818761E+2
 8.0670115E+7, 5.3152902E+0, 9.1108942E+2
 8.0670195E+7, 5.3254145E+0, 8.4513921E+2
 8.0670275E+7, 5.3355389E+0, 7.4010748E+2
 8.0670355E+7, 5.3456633E+0, 6.9858330E+2
 8.0670435E+7, 5.3557876E+0, 5.3492916E+2
 8.0670515E+7, 5.3659120E+0, 4.8607719E+2
 8.0670595E+7, 5.3760364E+0, 3.9570102E+2
 8.0670675E+7, 5.3861607E+0, 3.2975087E+2
 8.0670755E+7, 5.3962851E+0, 2.9799706E+2
 8.0670835E+7, 5.4064094E+0, 2.4914509E+2
 8.0670915E+7, 5.4165338E+0, 2.6380068E+2
 8.0670995E+7, 5.4266582E+0, 2.6380068E+2
 8.0671075E+7, 5.4367825E+0, 2.7601367E+2
 8.0671155E+7, 5.4469069E+0, 3.2975087E+2
 8.0671235E+7, 5.4570312E+0, 3.5173425E+2
 8.0671315E+7, 5.4671556E+0, 4.3722519E+2
 8.0671395E+7, 5.4772800E+0, 5.1050317E+2
 8.0671475E+7, 5.4874043E+0, 5.7401073E+2
 8.0671555E+7, 5.4975287E+0, 6.4973134E+2
 8.0671635E+7, 5.5076531E+0, 6.9125551E+2
 8.0671715E+7, 5.5177774E+0, 7.8407425E+2
 8.0671795E+7, 5.5279018E+0, 8.2559842E+2
 8.0671875E+7, 5.5380261E+0, 8.6956519E+2
 8.0671955E+7, 5.5481505E+0, 9.2330241E+2
 8.0672035E+7, 5.5582749E+0, 9.6726918E+2
 8.0672115E+7, 5.5683992E+0, 1.0454323E+3
 8.0672195E+7, 5.5785236E+0, 1.1016121E+3
 8.0672275E+7, 5.5886480E+0, 1.1260381E+3
 8.0672355E+7, 5.5987723E+0, 1.1675622E+3
 8.0672435E+7, 5.6088967E+0, 1.1675622E+3
 8.0672515E+7, 5.6190210E+0, 1.2066438E+3
 8.0672595E+7, 5.6291454E+0, 1.1895456E+3
 8.0672675E+7, 5.6392698E+0, 1.1504641E+3
 8.0672755E+7, 5.6493941E+0, 1.1064973E+3
 8.0672835E+7, 5.6595185E+0, 9.9658036E+2
 8.0672915E+7, 5.6696429E+0, 9.0376163E+2
 8.0672995E+7, 5.6797672E+0, 7.7674645E+2
 8.0673075E+7, 5.6898916E+0, 6.3751835E+2
 8.0673155E+7, 5.7000159E+0, 4.8607719E+2
 8.0673235E+7, 5.7101403E+0, 3.6394724E+2
 8.0673315E+7, 5.7202647E+0, 3.0776745E+2
 8.0673395E+7, 5.7303890E+0, 2.5647289E+2
 8.0673475E+7, 5.7405134E+0, 2.4914509E+2
 8.0673555E+7, 5.7506378E+0, 2.5647289E+2
 8.0673635E+7, 5.7607621E+0, 2.5647289E+2
 8.0673715E+7, 5.7708865E+0, 3.3463606E+2
 8.0673795E+7, 5.7810108E+0, 3.8837323E+2
 8.0673875E+7, 5.7911352E+0, 4.7630680E+2
 8.0673955E+7, 5.8012596E+0, 5.8866632E+2
 8.0674035E+7, 5.8113839E+0, 6.7415732E+2
 8.0674115E+7, 5.8215083E+0, 7.7918905E+2
 8.0674195E+7, 5.8316327E+0, 8.6712259E+2
 8.0674275E+7, 5.8417570E+0, 8.9887643E+2
 8.0674355E+7, 5.8518814E+0, 1.1431363E+3
 8.0674435E+7, 5.8620057E+0, 1.1235955E+3
 8.0674515E+7, 5.8721301E+0, 1.1480215E+3
 8.0674595E+7, 5.8822545E+0, 1.1431363E+3
 8.0674675E+7, 5.8923788E+0, 1.1480215E+3
 8.0674755E+7, 5.9025032E+0, 1.1431363E+3
 8.0674835E+7, 5.9126276E+0, 1.0771861E+3
 8.0674915E+7, 5.9227519E+0, 1.0674157E+3
 8.0674995E+7, 5.9328763E+0, 9.8436737E+2
 8.0675075E+7, 5.9430006E+0, 9.0376163E+2
 8.0675155E+7, 5.9531250E+0, 8.2804102E+2
 8.0675235E+7, 5.9632494E+0, 7.6453346E+2
 8.0675315E+7, 5.9733737E+0, 6.9614071E+2
 8.0675395E+7, 5.9834981E+0, 5.6424034E+2
 8.0675475E+7, 5.9936224E+0, 4.8607719E+2
 8.0675555E+7, 6.0037468E+0, 3.6638984E+2
 8.0675635E+7, 6.0138712E+0, 2.8089887E+2
 8.0675715E+7, 6.0239955E+0, 2.7112848E+2
 8.0675795E+7, 6.0341199E+0, 2.4181730E+2
 8.0675875E+7, 6.0442443E+0, 2.5403029E+2
 8.0675955E+7, 6.0543686E+0, 2.8822666E+2
 8.0676035E+7, 6.0644930E+0, 3.2242307E+2
 8.0676115E+7, 6.0746173E+0, 4.3478259E+2
 8.0676195E+7, 6.0847417E+0, 4.9829018E+2
 8.0676275E+7, 6.0948661E+0, 5.8378112E+2
 8.0676355E+7, 6.1049904E+0, 6.7659992E+2
 8.0676435E+7, 6.1151148E+0, 7.2789448E+2
 8.0676515E+7, 6.1252392E+0, 8.5735220E+2
 8.0676595E+7, 6.1353635E+0, 9.0620422E+2
 8.0676675E+7, 6.1454879E+0, 9.8436737E+2
 8.0676755E+7, 6.1556122E+0, 1.0307767E+3
 8.0676835E+7, 6.1657366E+0, 1.0503175E+3
 8.0676915E+7, 6.1758610E+0, 1.1187103E+3
 8.0676995E+7, 6.1859853E+0, 1.1431363E+3
 8.0677075E+7, 6.1961097E+0, 1.1675622E+3
 8.0677155E+7, 6.2062341E+0, 1.1919882E+3
 8.0677235E+7, 6.2163584E+0, 1.1748900E+3
 8.0677315E+7, 6.2264828E+0, 1.1846604E+3
 8.0677395E+7, 6.2366071E+0, 1.1284807E+3
 8.0677475E+7, 6.2467315E+0, 1.1040547E+3
 8.0677555E+7, 6.2568559E+0, 1.0503175E+3
 8.0677635E+7, 6.2669802E+0, 9.5017099E+2
 8.0677715E+7, 6.2771046E+0, 8.7933564E+2
 8.0677795E+7, 6.2872290E+0, 7.2789448E+2
 8.0677875E+7, 6.2973533E+0, 6.1064970E+2
 8.0677955E+7, 6.3074777E+0, 4.9584758E+2
 8.0678035E+7, 6.3176020E+0, 3.6883244E+2
 8.0678115E+7, 6.3277264E+0, 3.2975087E+2
 8.0678195E+7, 6.3378508E+0, 2.6135808E+2
 8.0678275E+7, 6.3479751E+0, 2.5647289E+2
 8.0678355E+7, 6.3580995E+0, 2.9799706E+2
 8.0678435E+7, 6.3682239E+0, 3.5173425E+2
 8.0678515E+7, 6.3783482E+0, 4.4211042E+2
 8.0678595E+7, 6.3884726E+0, 4.6165121E+2
 8.0678675E+7, 6.3985969E+0, 5.6912553E+2
 8.0678755E+7, 6.4087213E+0, 6.4484614E+2
 8.0678835E+7, 6.4188457E+0, 7.2789448E+2
 8.0678915E+7, 6.4289700E+0, 8.2804102E+2
 8.0678995E+7, 6.4390944E+0, 9.0864682E+2
 8.0679075E+7, 6.4492187E+0, 1.0136786E+3
 8.0679155E+7, 6.4593431E+0, 1.0967269E+3
 8.0679235E+7, 6.4694675E+0, 1.1138251E+3
 8.0679315E+7, 6.4795918E+0, 1.1773326E+3
 8.0679395E+7, 6.4897162E+0, 1.1748900E+3
 8.0679475E+7, 6.4998406E+0, 1.2139716E+3
 8.0679555E+7, 6.5099649E+0, 1.1968734E+3
 8.0679635E+7, 6.5200893E+0, 1.1797752E+3
 8.0679715E+7, 6.5302136E+0, 1.1822178E+3
 8.0679795E+7, 6.5403380E+0, 1.1187103E+3
 8.0679875E+7, 6.5504624E+0, 1.0869565E+3
 8.0679955E+7, 6.5605867E+0, 9.9902296E+2
 8.0680035E+7, 6.5707111E+0, 9.4284320E+2
 8.0680115E+7, 6.5808355E+0, 8.8422084E+2
 8.0680195E+7, 6.5909598E+0, 7.7918905E+2
 8.0680275E+7, 6.6010842E+0, 6.9614071E+2
 8.0680355E+7, 6.6112085E+0, 6.5461653E+2
 8.0680435E+7, 6.6213329E+0, 5.6424034E+2
 8.0680515E+7, 6.6314573E+0, 5.2027357E+2
 8.0680595E+7, 6.6415816E+0, 4.3478259E+2
 8.0680675E+7, 6.6517060E+0, 3.4929165E+2
 8.0680755E+7, 6.6618304E+0, 2.8334147E+2
 8.0680835E+7, 6.6719547E+0, 2.5647289E+2
 8.0680915E+7, 6.6820791E+0, 2.6380068E+2
 8.0680995E+7, 6.6922034E+0, 2.4425989E+2
 8.0681075E+7, 6.7023278E+0, 2.8822666E+2
 8.0681155E+7, 6.7124522E+0, 3.2242307E+2
 8.0681235E+7, 6.7225765E+0, 3.6394724E+2
 8.0681315E+7, 6.7327009E+0, 4.3234000E+2
 8.0681395E+7, 6.7428253E+0, 4.9584758E+2
 8.0681475E+7, 6.7529496E+0, 5.6424034E+2
 8.0681555E+7, 6.7630740E+0, 6.2286270E+2
 8.0681635E+7, 6.7731983E+0, 7.4499267E+2
 8.0681715E+7, 6.7833227E+0, 8.1582803E+2
 8.0681795E+7, 6.7934471E+0, 8.4269661E+2
 8.0681875E+7, 6.8035714E+0, 9.1597462E+2
 8.0681955E+7, 6.8136958E+0, 9.5505619E+2
 8.0682035E+7, 6.8238202E+0, 1.0014656E+3
 8.0682115E+7, 6.8339445E+0, 1.0478749E+3
 8.0682195E+7, 6.8440689E+0, 1.0503175E+3
 8.0682275E+7, 6.8541932E+0, 1.1089399E+3
 8.0682355E+7, 6.8643176E+0, 1.1235955E+3
 8.0682435E+7, 6.8744420E+0, 1.1577919E+3
 8.0682515E+7, 6.8845663E+0, 1.1626770E+3
 8.0682595E+7, 6.8946907E+0, 1.1382511E+3
 8.0682675E+7, 6.9048151E+0, 1.1480215E+3
 8.0682755E+7, 6.9149394E+0, 1.1016121E+3
 8.0682835E+7, 6.9250638E+0, 1.0625305E+3
 8.0682915E+7, 6.9351881E+0, 9.9413776E+2
 8.0682995E+7, 6.9453125E+0, 8.8422084E+2
 8.0683075E+7, 6.9554369E+0, 8.0117244E+2
 8.0683155E+7, 6.9655612E+0, 6.5217394E+2
 8.0683235E+7, 6.9756856E+0, 5.4225695E+2
 8.0683315E+7, 6.9858099E+0, 4.3966782E+2
 8.0683395E+7, 6.9959343E+0, 2.8089887E+2
 8.0683475E+7, 7.0060587E+0, 2.6624328E+2
 8.0683555E+7, 7.0161830E+0, 2.2960430E+2
 8.0683635E+7, 7.0263074E+0, 2.7112848E+2
 8.0683715E+7, 7.0364318E+0, 2.8089887E+2
 8.0683795E+7, 7.0465561E+0, 2.9799706E+2
 8.0683875E+7, 7.0566805E+0, 3.7127504E+2
 8.0683955E+7, 7.0668048E+0, 4.4943821E+2
 8.0684035E+7, 7.0769292E+0, 5.8378112E+2
 8.0684115E+7, 7.0870536E+0, 6.5705913E+2
 8.0684195E+7, 7.0971779E+0, 8.0117244E+2
 8.0684275E+7, 7.1073023E+0, 8.9399123E+2
 8.0684355E+7, 7.1174267E+0, 9.6482658E+2
 8.0684435E+7, 7.1275510E+0, 1.0674157E+3
 8.0684515E+7, 7.1376754E+0, 1.0771861E+3
 8.0684595E+7, 7.1477997E+0, 1.1406937E+3
 8.0684675E+7, 7.1579241E+0, 1.1675622E+3
 8.0684755E+7, 7.1680485E+0, 1.1358085E+3
 8.0684835E+7, 7.1781728E+0, 1.1162677E+3
 8.0684915E+7, 7.1882972E+0, 1.0283341E+3
 8.0684995E+7, 7.1984216E+0, 9.3795800E+2
 8.0685075E+7, 7.2085459E+0, 8.1827062E+2
 8.0685155E+7, 7.2186703E+0, 7.4743527E+2
 8.0685235E+7, 7.2287946E+0, 6.3996094E+2
 8.0685315E+7, 7.2389190E+0, 5.6424034E+2
 8.0685395E+7, 7.2490434E+0, 4.4699562E+2
 8.0685475E+7, 7.2591677E+0, 4.2256960E+2
 8.0685556E+7, 7.2692921E+0, 3.4929165E+2
 8.0685636E+7, 7.2794165E+0, 3.0776745E+2
 8.0685716E+7, 7.2895408E+0, 2.7845627E+2
 8.0685796E+7, 7.2996652E+0, 2.3937470E+2
 8.0685876E+7, 7.3097895E+0, 2.8578407E+2
 8.0685956E+7, 7.3199139E+0, 3.2242307E+2
 8.0686036E+7, 7.3300383E+0, 4.1768441E+2
 8.0686116E+7, 7.3401626E+0, 5.0073278E+2
 8.0686196E+7, 7.3502870E+0, 5.8378112E+2
 8.0686276E+7, 7.3604114E+0, 7.0102590E+2
 8.0686356E+7, 7.3705357E+0, 8.1094283E+2
 8.0686436E+7, 7.3806601E+0, 9.0376163E+2
 8.0686516E+7, 7.3907844E+0, 9.5994139E+2
 8.0686596E+7, 7.4009088E+0, 1.0210063E+3
 8.0686676E+7, 7.4110332E+0, 1.0796287E+3
 8.0686837E+7, 7.4211575E+0, 1.1382511E+3
 8.0686992E+7, 7.4312819E+0, 1.1724474E+3
 8.0687074E+7, 7.4414062E+0, 1.1919882E+3
 8.0687158E+7, 7.4515306E+0, 1.1993160E+3
 8.0687238E+7, 7.4616550E+0, 1.1748900E+3
 8.0687318E+7, 7.4717793E+0, 1.1919882E+3
 8.0687472E+7, 7.4819037E+0, 1.1577919E+3
 8.0687553E+7, 7.4920281E+0, 1.1187103E+3
 8.0687633E+7, 7.5021524E+0, 1.1016121E+3
 8.0687721E+7, 7.5122768E+0, 1.0405471E+3
 8.0687801E+7, 7.5224011E+0, 9.5994139E+2
 8.0687885E+7, 7.5325255E+0, 8.8910604E+2
 8.0687968E+7, 7.5426499E+0, 7.7430385E+2
 8.0688048E+7, 7.5527742E+0, 6.4240354E+2
 8.0688128E+7, 7.5628986E+0, 5.2515876E+2
 8.0688208E+7, 7.5730230E+0, 4.3478259E+2
 8.0688288E+7, 7.5831473E+0, 3.3463606E+2
 8.0688368E+7, 7.5932717E+0, 3.0288225E+2
 8.0688453E+7, 7.6033960E+0, 2.5891548E+2
 8.0688533E+7, 7.6135204E+0, 2.6135808E+2
 8.0688613E+7, 7.6236448E+0, 2.7112848E+2
 8.0688693E+7, 7.6337691E+0, 3.4196386E+2
 8.0688773E+7, 7.6438935E+0, 4.7386420E+2
 8.0688853E+7, 7.6540179E+0, 5.8133852E+2
 8.0688933E+7, 7.6641422E+0, 6.8392771E+2
 8.0689013E+7, 7.6742666E+0, 7.5720567E+2
 8.0689093E+7, 7.6843909E+0, 8.1827062E+2
 8.0689173E+7, 7.6945153E+0, 8.8910604E+2
 8.0689253E+7, 7.7046397E+0, 9.7948217E+2
 8.0689333E+7, 7.7147640E+0, 1.0552027E+3
 8.0689413E+7, 7.7248884E+0, 1.0967269E+3
 8.0689493E+7, 7.7350128E+0, 1.1626770E+3
 8.0689573E+7, 7.7451371E+0, 1.1675622E+3
 8.0689653E+7, 7.7552615E+0, 1.1968734E+3
 8.0689733E+7, 7.7653858E+0, 1.1871030E+3
 8.0689813E+7, 7.7755102E+0, 1.1455789E+3
 8.0689893E+7, 7.7856346E+0, 1.1431363E+3
 8.0689973E+7, 7.7957589E+0, 1.0527601E+3
 8.0690053E+7, 7.8058833E+0, 1.0576453E+3
 8.0690133E+7, 7.8160077E+0, 9.6971178E+2
 8.0690213E+7, 7.8261320E+0, 9.2330241E+2
 8.0690293E+7, 7.8362564E+0, 8.7200779E+2
 8.0690373E+7, 7.8463807E+0, 7.6697606E+2
 8.0690453E+7, 7.8565051E+0, 6.9858330E+2
 8.0690533E+7, 7.8666295E+0, 6.2286270E+2
 8.0690613E+7, 7.8767538E+0, 5.3248656E+2
 8.0690693E+7, 7.8868782E+0, 4.9829018E+2
 8.0690773E+7, 7.8970026E+0, 4.1279921E+2
 8.0690853E+7, 7.9071269E+0, 3.9814362E+2
 8.0690933E+7, 7.9172513E+0, 3.4929165E+2
 8.0691013E+7, 7.9273756E+0, 2.8822666E+2
 8.0691093E+7, 7.9375000E+0, 2.7845627E+2
 8.0691173E+7, 7.9476244E+0, 2.3204690E+2
 8.0691253E+7, 7.9577487E+0, 2.5647289E+2
 8.0691333E+7, 7.9678731E+0, 2.5158769E+2
 8.0691413E+7, 7.9779974E+0, 2.9066926E+2
 8.0691493E+7, 7.9881218E+0, 3.1998047E+2
 8.0691573E+7, 7.9982462E+0, 3.1021005E+2
 8.0691653E+7, 8.0083705E+0, 3.4929165E+2
 8.0691733E+7, 8.0184949E+0, 3.9814362E+2
 8.0691813E+7, 8.0286193E+0, 4.4699562E+2
 8.0691893E+7, 8.0387436E+0, 5.2271616E+2
 8.0691973E+7, 8.0488680E+0, 5.5691254E+2
 8.0692053E+7, 8.0589923E+0, 6.4973134E+2
 8.0692133E+7, 8.0691167E+0, 7.5232047E+2
 8.0692213E+7, 8.0792411E+0, 8.2804102E+2
 8.0692293E+7, 8.0893654E+0, 8.7200779E+2
 8.0692373E+7, 8.0994898E+0, 9.1353202E+2
 8.0692453E+7, 8.1096142E+0, 9.7703958E+2
 8.0692533E+7, 8.1197385E+0, 1.0112360E+3
 8.0692613E+7, 8.1298629E+0, 1.0527601E+3
 8.0692693E+7, 8.1399872E+0, 1.0869565E+3
 8.0692773E+7, 8.1501116E+0, 1.1016121E+3
 8.0692853E+7, 8.1602360E+0, 1.1455789E+3
 8.0692933E+7, 8.1703603E+0, 1.1455789E+3
 8.0693013E+7, 8.1804847E+0, 1.1577919E+3
 8.0693093E+7, 8.1906091E+0, 1.1577919E+3
 8.0693173E+7, 8.2007334E+0, 1.1235955E+3
 8.0693253E+7, 8.2108578E+0, 1.1235955E+3
 8.0693333E+7, 8.2209821E+0, 1.0527601E+3
 8.0693413E+7, 8.2311065E+0, 9.7703958E+2
 8.0693493E+7, 8.2412309E+0, 9.0376163E+2
 8.0693573E+7, 8.2513552E+0, 7.6697606E+2
 8.0693653E+7, 8.2614796E+0, 6.7904252E+2
 8.0693733E+7, 8.2716040E+0, 5.4714215E+2
 8.0693813E+7, 8.2817283E+0, 4.1768441E+2
 8.0693893E+7, 8.2918527E+0, 3.1021005E+2
 8.0693973E+7, 8.3019770E+0, 2.4181730E+2
 8.0694053E+7, 8.3121014E+0, 2.6135808E+2
 8.0694133E+7, 8.3222258E+0, 2.5647289E+2
 8.0694213E+7, 8.3323501E+0, 2.7845627E+2
 8.0694293E+7, 8.3424745E+0, 3.2730827E+2
 8.0694373E+7, 8.3525989E+0, 3.5661945E+2
 8.0694453E+7, 8.3627232E+0, 4.5920861E+2
 8.0694533E+7, 8.3728476E+0, 5.3981435E+2
 8.0694613E+7, 8.3829719E+0, 6.5461653E+2
 8.0694693E+7, 8.3930963E+0, 7.6453346E+2
 8.0694773E+7, 8.4032207E+0, 8.3292621E+2
 8.0694853E+7, 8.4133450E+0, 9.5749879E+2
 8.0694933E+7, 8.4234694E+0, 1.0063508E+3
 8.0695013E+7, 8.4335937E+0, 1.0845139E+3
 8.0695093E+7, 8.4437181E+0, 1.1944308E+3
 8.0695173E+7, 8.4538425E+0, 1.1675622E+3
 8.0695253E+7, 8.4639668E+0, 1.1944308E+3
 8.0695333E+7, 8.4740912E+0, 1.1773326E+3
 8.0695413E+7, 8.4842156E+0, 1.1480215E+3
 8.0695493E+7, 8.4943399E+0, 1.0967269E+3
 8.0695573E+7, 8.5044643E+0, 1.0087934E+3
 8.0695653E+7, 8.5145886E+0, 9.8925257E+2
 8.0695733E+7, 8.5247130E+0, 8.6712259E+2
 8.0695813E+7, 8.5348374E+0, 8.0361503E+2
 8.0695893E+7, 8.5449617E+0, 6.8881291E+2
 8.0695973E+7, 8.5550861E+0, 6.3751835E+2
 8.0696053E+7, 8.5652105E+0, 6.0087931E+2
 8.0696133E+7, 8.5753348E+0, 4.7874939E+2
 8.0696213E+7, 8.5854592E+0, 4.0547141E+2
 8.0696293E+7, 8.5955835E+0, 3.0776745E+2
 8.0696373E+7, 8.6057079E+0, 2.5158769E+2
 8.0696453E+7, 8.6158323E+0, 2.6380068E+2
 8.0696533E+7, 8.6259566E+0, 3.1998047E+2
 8.0696613E+7, 8.6360810E+0, 3.0288225E+2
 8.0696693E+7, 8.6462054E+0, 3.9570102E+2
 8.0696773E+7, 8.6563297E+0, 4.1279921E+2
 8.0696853E+7, 8.6664541E+0, 5.1783097E+2
 8.0696933E+7, 8.6765784E+0, 5.9599411E+2
 8.0697013E+7, 8.6867028E+0, 6.9125551E+2
 8.0697093E+7, 8.6968272E+0, 7.5476307E+2
 8.0697173E+7, 8.7069515E+0, 8.2559842E+2
 8.0697253E+7, 8.7170759E+0, 9.3551540E+2
 8.0697333E+7, 8.7272003E+0, 1.0039082E+3
 8.0697413E+7, 8.7373246E+0, 1.0674157E+3
 8.0697493E+7, 8.7474490E+0, 1.1162677E+3
 8.0697573E+7, 8.7575733E+0, 1.1406937E+3
 8.0697653E+7, 8.7676977E+0, 1.1724474E+3
 8.0697733E+7, 8.7778221E+0, 1.1773326E+3
 8.0697813E+7, 8.7879464E+0, 1.1822178E+3
 8.0697893E+7, 8.7980708E+0, 1.1822178E+3
 8.0697973E+7, 8.8081952E+0, 1.1577919E+3
 8.0698053E+7, 8.8183195E+0, 1.1358085E+3
 8.0698133E+7, 8.8284439E+0, 1.0747435E+3
 8.0698309E+7, 8.8385682E+0, 9.9413776E+2
 8.0698389E+7, 8.8486926E+0, 9.2574501E+2
 8.0698469E+7, 8.8588170E+0, 8.6956519E+2
 8.0698549E+7, 8.8689413E+0, 7.0835370E+2
 8.0698629E+7, 8.8790657E+0, 6.0576451E+2
 8.0698709E+7, 8.8891901E+0, 4.8851979E+2
 8.0698790E+7, 8.8993144E+0, 4.1035661E+2
 8.0698870E+7, 8.9094388E+0, 3.2486567E+2
 8.0698961E+7, 8.9195631E+0, 2.6868588E+2
 8.0699041E+7, 8.9296875E+0, 2.2960430E+2
 8.0699121E+7, 8.9398119E+0, 2.8089887E+2
 8.0699201E+7, 8.9499362E+0, 3.2242307E+2
 8.0699286E+7, 8.9600606E+0, 4.1279921E+2
 8.0699366E+7, 8.9701849E+0, 4.5188081E+2
 8.0699446E+7, 8.9803093E+0, 5.0561798E+2
 8.0699526E+7, 8.9904337E+0, 5.9355152E+2
 8.0699606E+7, 9.0005580E+0, 6.4973134E+2
 8.0699686E+7, 9.0106824E+0, 7.9140204E+2
 8.0699766E+7, 9.0208068E+0, 8.1094283E+2
 8.0699907E+7, 9.0309311E+0, 9.1108942E+2
 8.0699988E+7, 9.0410555E+0, 1.0136786E+3
 8.0700068E+7, 9.0511798E+0, 1.0747435E+3
 8.0700207E+7, 9.0613042E+0, 1.0820713E+3
 8.0700287E+7, 9.0714286E+0, 1.1358085E+3
 8.0700367E+7, 9.0815529E+0, 1.1284807E+3
 8.0700447E+7, 9.0916773E+0, 1.1284807E+3
 8.0700527E+7, 9.1018017E+0, 1.1235955E+3
 8.0700607E+7, 9.1119260E+0, 1.0820713E+3
 8.0700687E+7, 9.1220504E+0, 1.0942843E+3
 8.0700767E+7, 9.1321747E+0, 1.0258915E+3
 8.0700847E+7, 9.1422991E+0, 9.8925257E+2
 8.0700927E+7, 9.1524235E+0, 8.9399123E+2
 8.0701007E+7, 9.1625478E+0, 8.2804102E+2
 8.0701087E+7, 9.1726722E+0, 7.8895944E+2
 8.0701167E+7, 9.1827966E+0, 6.8881291E+2
 8.0701247E+7, 9.1929209E+0, 6.1797750E+2
 8.0701327E+7, 9.2030453E+0, 5.6179774E+2
 8.0701407E+7, 9.2131696E+0, 5.0561798E+2
 8.0701487E+7, 9.2232940E+0, 4.6409380E+2
 8.0701567E+7, 9.2334184E+0, 3.8593063E+2
 8.0701647E+7, 9.2435427E+0, 3.1998047E+2
 8.0701727E+7, 9.2536671E+0, 2.7112848E+2
 8.0701807E+7, 9.2637915E+0, 2.4914509E+2
 8.0701887E+7, 9.2739158E+0, 2.6135808E+2
 8.0701967E+7, 9.2840402E+0, 2.4181730E+2
 8.0702047E+7, 9.2941645E+0, 2.7112848E+2
 8.0702127E+7, 9.3042889E+0, 2.9555446E+2
